-1.0,-5.0,0.12216,4.67022,0.00211,-0.0015,-0.0015,0.01167,0.34135,22
-1.0,-5.0,0.09543,1.23693,0.00503,0.04071,0.04071,1.51355,0.65865,22
-1.0,-4.0,0.13374,1.942,0.0035,0.00406,0.00406,1.34749,0.75,13
-1.0,-4.0,0.0706,4.86667,0.00085,0.00637,0.00637,0.04784,0.25,13
-1.0,-3.0,0.56846,5.758,0.05143,0.02745,0.02745,0.01883,1.0,7
-1.0,-2.0,0.44441,5.689,0.00167,-0.00182,-0.00182,0.0029,1.0,9
0.0,-31.0,0.59484,3.27955,0.02773,-0.01491,-0.01491,0.07888,0.61286,18
0.0,-31.0,0.29278,5.325,0.02202,0.1004,0.1004,0.89776,0.38714,18
0.0,-30.0,0.43934,3.54419,0.04921,-0.05636,-0.05636,0.63372,0.73584,34
0.0,-30.0,0.1744,0.13132,0.03581,0.01803,0.01803,0.12492,0.26416,34
0.0,-28.0,0.02828,0.314,0.0012,0.01332,0.01332,0.14789,0.5,12
0.0,-28.0,0.0865,4.3336,0.00052,-0.00312,-0.00312,0.22515,0.5,12
0.0,-5.0,0.66425,3.19145,0.09759,-0.92126,-0.92126,8.96642,0.15581,65
0.0,-5.0,0.10487,5.44736,0.00533,-0.06655,-0.06655,2.89264,0.84419,65
0.0,-4.0,0.07838,2.27289,0.00455,0.14286,0.14286,6.30507,0.80659,91
0.0,-4.0,0.5916,3.386,0.11955,-0.37459,-0.37459,3.78899,0.19341,91
0.0,-3.0,0.31411,5.58667,0.0868,-0.04903,-0.04903,0.27773,1.0,22
0.0,-2.0,0.74467,5.74002,0.06047,0.0411,0.0411,0.11031,1.0,12
0.0,-1.0,0.91388,3.40467,0.02733,-0.00413,-0.00413,0.00062,1.0,6
1.0,-31.0,0.14894,6.20997,0.05368,-0.02738,-0.02738,0.01407,0.31091,41
1.0,-31.0,0.33219,4.48786,0.04169,-0.11992,-0.11992,2.33551,0.68909,41
1.0,-30.0,0.01768,6.0869,0.00094,-0.01041,-0.01041,0.11559,0.22727,88
1.0,-30.0,0.33682,4.20536,0.06548,-0.0043,-0.0043,3.15583,0.77273,88
1.0,-29.0,0.1706,0.2638,0.05981,0.07454,0.07454,0.27821,0.43481,51
1.0,-29.0,0.37799,4.5745,0.15514,-0.25232,-0.25232,0.50719,0.29683,51
1.0,-29.0,0.33812,2.97026,0.13513,0.17979,0.17979,0.6732,0.26837,51
1.0,-28.0,0.17572,5.19211,0.0323,-0.11087,-0.11087,1.91124,1.0,55
1.0,-27.0,0.22807,4.92689,0.04919,-0.22533,-0.22533,2.89403,1.0,54
1.0,-26.0,0.42483,2.28182,0.03545,0.00355,0.00355,0.09603,0.54992,20
1.0,-26.0,0.19886,5.49232,0.04601,-0.03916,-0.03916,0.37477,0.45008,20
1.0,-6.0,0.26271,4.67183,0.04557,-0.03454,-0.03454,0.3018,1.0,10
1.0,-5.0,0.42165,4.17998,0.06899,0.19598,0.19598,1.81036,0.41786,124
1.0,-5.0,0.06849,0.25696,0.00484,0.00488,0.00488,1.55288,0.58214,124
1.0,-4.0,0.24794,1.88665,0.0911,0.52716,0.52716,5.67448,1.0,137
1.0,-3.0,0.27863,5.0999,0.12365,-0.40303,-0.40303,3.79304,0.95122,41
1.0,-3.0,0.22483,4.2815,0.00445,-0.00731,-0.00731,0.01199,0.04878,41
2.0,-31.0,0.5922,6.17723,0.01778,-0.02382,-0.02382,0.17685,0.38064,21
2.0,-31.0,0.41011,3.48519,0.06665,-0.13563,-0.13563,0.72235,0.61936,21
2.0,-30.0,0.01768,6.08689,0.00094,-0.01041,-0.01041,0.1156,0.25641,78
2.0,-30.0,0.36535,3.10842,0.08204,-0.08071,-0.08071,3.70547,0.74359,78
2.0,-29.0,0.15612,2.38339,0.00943,0.0231,0.0231,0.93206,0.27137,55
2.0,-29.0,0.6584,1.14017,0.01685,-0.0375,-0.0375,0.16469,0.18221,55
2.0,-29.0,0.58424,3.92301,0.1594,-0.10166,-0.10166,0.4668,0.3111,55
2.0,-29.0,0.03325,5.93431,0.00194,-0.01995,-0.01995,0.20613,0.23532,55
2.0,-28.0,0.42298,4.50919,0.31984,-0.17493,-0.17493,0.09568,0.0763,63
2.0,-28.0,0.30027,0.81928,0.0672,0.14937,0.14937,3.93766,0.9237,63
2.0,-27.0,0.33526,4.44626,0.05755,-0.32396,-0.32396,4.57727,1.0,50
2.0,-26.0,0.50873,2.18282,0.02346,0.01249,0.01249,0.12489,0.6875,16
2.0,-26.0,0.39196,5.3082,0.01937,0.00246,0.00246,0.02245,0.3125,16
2.0,-6.0,0.35012,4.82486,0.08491,0.05066,0.05066,0.39919,1.0,13
2.0,-5.0,0.48192,3.69194,0.08287,0.24063,0.24063,1.08913,0.45286,44
2.0,-5.0,1.22325,3.31124,0.42914,0.0619,0.0619,0.00893,0.03199,44
2.0,-5.0,0.12338,1.99875,0.0004,-0.00122,-0.00122,0.00373,0.09756,44
2.0,-5.0,0.22618,5.32942,0.02512,-0.04534,-0.04534,1.18818,0.41759,44
2.0,-4.0,0.32883,2.39527,0.12256,0.59169,0.59169,4.8453,1.0,63
2.0,-3.0,0.52362,3.94851,0.10661,0.09983,0.09983,1.02216,0.7037,27
2.0,-3.0,0.00884,0.09812,0.00055,0.00607,0.00607,0.0674,0.2963,27
3.0,-32.0,0.44342,4.2314,0.02874,-0.04463,-0.04463,1.05679,1.0,7
3.0,-31.0,0.45715,2.8914,0.02978,0.03463,0.03463,0.2405,0.55788,23
3.0,-31.0,0.3656,5.62154,0.08626,0.08775,0.08775,0.70403,0.44212,23
3.0,-30.0,0.39378,2.97416,0.05671,0.03294,0.03294,0.47441,0.62667,37
3.0,-30.0,0.33143,0.24799,0.08125,0.00647,0.00647,0.25747,0.37333,37
3.0,-29.0,0.32003,3.04025,0.03629,0.05073,0.05073,0.70474,0.60425,31
3.0,-29.0,0.41445,0.49143,0.09064,-0.02347,-0.02347,0.32485,0.39575,31
3.0,-28.0,0.41315,2.50441,0.0589,-0.02541,-0.02541,0.94492,0.71694,34
3.0,-28.0,0.39438,6.07406,0.0812,-0.01189,-0.01189,0.11543,0.28306,34
3.0,-27.0,0.40145,2.36509,0.05609,-0.03994,-0.03994,1.25698,0.76077,31
3.0,-27.0,0.02557,6.10815,0.0018,-0.01056,-0.01056,0.08593,0.23923,31
3.0,-4.0,0.64067,3.53486,0.05132,0.02006,0.02006,0.10604,1.0,12
4.0,-32.0,0.18731,6.19735,0.06056,-0.03087,-0.03087,0.0166,0.3091,28
4.0,-32.0,0.36468,3.42749,0.03358,0.05489,0.05489,1.96672,0.6909,28
4.0,-31.0,0.2899,3.12962,0.03974,0.23617,0.23617,3.71254,1.0,41
4.0,-30.0,0.42162,2.94716,0.07327,-0.10697,-0.10697,2.12725,0.86709,29
4.0,-30.0,0.27097,0.77753,0.01809,0.03577,0.03577,0.07104,0.13291,29
4.0,-29.0,0.4525,4.47873,0.0617,0.23928,0.23928,1.53408,0.51784,31
4.0,-29.0,0.234,0.72829,0.02106,0.05097,0.05097,0.15261,0.24522,31
4.0,-29.0,0.59338,2.53093,0.08697,0.01381,0.01381,0.21257,0.23694,31
4.0,-28.0,0.28095,5.92618,0.0617,-0.05332,-0.05332,0.72644,0.59522,41
4.0,-28.0,0.5655,2.65327,0.06683,-0.04903,-0.04903,0.08782,0.40478,41
4.0,-27.0,0.67394,2.51927,0.21732,-0.20927,-0.20927,0.23511,0.45822,25
4.0,-27.0,0.11591,6.06086,0.02023,-0.04463,-0.04463,0.67899,0.54178,25
5.0,-33.0,0.13402,6.09246,0.02204,-0.02611,-0.02611,0.04711,1.0,14
5.0,-32.0,0.23512,5.05847,0.0482,-0.13633,-0.13633,2.66349,1.0,46
5.0,-31.0,0.35119,3.37987,0.04535,0.05561,0.05561,0.77694,0.82157,33
5.0,-31.0,0.39517,6.14564,0.0704,-0.02101,-0.02101,0.03319,0.17843,33
5.0,-30.0,0.39342,3.03861,0.06511,-0.00378,-0.00378,1.06509,0.62638,29
5.0,-30.0,0.31669,6.01487,0.12659,-0.10543,-0.10543,0.09274,0.37362,29
5.0,-29.0,0.33669,5.97857,0.09231,-0.07585,-0.07585,0.06855,0.3826,39
5.0,-29.0,0.5457,2.58941,0.1565,-0.12841,-0.12841,1.15492,0.6174,39
5.0,-28.0,0.51824,2.61353,0.03186,0.01422,0.01422,0.15297,0.54164,23
5.0,-28.0,0.45003,5.9102,0.02432,-0.00088,-0.00088,0.36043,0.45836,23
5.0,-27.0,0.58556,2.6202,0.01912,0.01242,0.01242,0.08994,1.0,6
6.0,-33.0,0.05431,6.14083,0.00617,-0.01347,-0.01347,0.03986,0.77273,28
6.0,-33.0,0.32788,2.6146,0.02549,0.01616,0.01616,0.01994,0.22727,28
6.0,-32.0,0.18422,6.13477,0.05445,-0.01426,-0.01426,0.04454,0.60112,43
6.0,-32.0,0.28866,3.8386,0.04093,-0.02846,-0.02846,0.90174,0.35237,43
6.0,-32.0,0.42821,3.0135,0.01539,0.00465,0.00465,0.00141,0.04651,43
6.0,-31.0,0.55498,3.31509,0.03631,0.00094,0.00094,0.55068,1.0,15
6.0,-30.0,0.11155,6.18389,0.07468,-0.06647,-0.06647,0.05917,0.30434,23
6.0,-30.0,0.5792,3.76326,0.04938,0.10397,0.10397,2.75621,0.69566,23
6.0,-29.0,0.51106,3.01262,0.04804,0.08413,0.08413,1.14333,0.66912,38
6.0,-29.0,0.24704,6.05574,0.08055,-0.07118,-0.07118,0.07141,0.33088,38
6.0,-28.0,0.35985,2.60354,0.04349,0.0122,0.0122,0.11412,0.33874,66
6.0,-28.0,0.20935,5.99285,0.04307,0.00478,0.00478,1.76958,0.66126,66
6.0,-27.0,0.19239,1.71135,0.01611,0.06214,0.06214,3.24541,0.66674,38
6.0,-27.0,0.01249,5.89058,0.00047,-0.01473,-0.01473,0.46271,0.33326,38
7.0,-33.0,0.02484,6.18026,0.00216,-0.00895,-0.00895,0.03708,0.3913,23
7.0,-33.0,0.37616,4.35366,0.0335,0.06599,0.06599,2.25971,0.6087,23
7.0,-32.0,0.27076,6.09914,0.06937,-0.0238,-0.0238,0.06657,0.55187,34
7.0,-32.0,0.39437,3.38867,0.03219,-0.04877,-0.04877,0.71194,0.44813,34
7.0,-31.0,0.48747,3.36814,0.05409,-0.06087,-0.06087,0.60946,0.6608,23
7.0,-31.0,0.27978,6.04607,0.10039,-0.06562,-0.06562,0.14577,0.3392,23
7.0,-30.0,0.57651,3.28505,0.03689,0.01005,0.01005,0.41348,0.64958,18
7.0,-30.0,0.51354,5.95355,0.08331,-0.20147,-0.20147,0.52794,0.35042,18
7.0,-29.0,0.39616,3.24486,0.03462,-0.03835,-0.03835,0.41686,0.59753,33
7.0,-29.0,0.4003,6.02918,0.08276,-0.13449,-0.13449,0.60735,0.40247,33
7.0,-28.0,0.22474,1.65196,0.04231,0.44651,0.44651,7.15016,1.0,47
7.0,-27.0,0.12795,1.33269,0.01912,0.14417,0.14417,2.71618,0.85905,47
7.0,-27.0,0.09612,4.82937,0.00235,0.00882,0.00882,0.04256,0.14095,47
8.0,-33.0,0.53521,5.90143,0.03605,-0.0191,-0.0191,0.04907,1.0,17
8.0,-32.0,0.5997,5.5803,0.00885,-0.00805,-0.00805,0.2545,0.625,16
8.0,-32.0,0.61587,2.72183,0.00696,-0.01819,-0.01819,0.08011,0.375,16
8.0,-31.0,0.4306,3.63637,0.0505,-0.10896,-0.10896,0.97617,0.74719,23
8.0,-31.0,0.23374,6.04596,0.08696,-0.09725,-0.09725,0.11672,0.25281,23
8.0,-30.0,0.47135,3.16733,0.06373,-0.03005,-0.03005,0.18788,0.50172,24
8.0,-30.0,0.17337,5.97252,0.04227,-0.00297,-0.00297,0.24233,0.49828,24
8.0,-29.0,0.26418,3.58252,0.02408,-0.02363,-0.02363,0.30658,0.47689,44
8.0,-29.0,0.38486,6.22114,0.30308,-0.34094,-0.34094,0.83627,0.52311,44
8.0,-28.0,0.30907,3.31553,0.02898,-0.06922,-0.06922,0.59714,0.50081,26
8.0,-28.0,0.32929,6.11862,0.12397,-0.18782,-0.18782,0.52281,0.49919,26
9.0,-34.0,0.15861,5.75046,0.05321,-0.09433,-0.09433,0.84327,1.0,33
9.0,-33.0,0.32557,6.01749,0.0994,-0.06154,-0.06154,0.11912,0.70607,44
9.0,-33.0,0.35875,2.72362,0.08444,0.05485,0.05485,0.90792,0.29393,44
9.0,-32.0,0.6332,5.29292,0.01309,0.00115,0.00115,0.14013,0.61905,21
9.0,-32.0,0.6967,2.49275,0.01805,-0.03524,-0.03524,0.12487,0.38095,21
9.0,-31.0,0.55872,5.00861,0.0142,0.00294,0.00294,0.14934,0.75041,20
9.0,-31.0,0.45907,3.49466,0.00871,-0.01866,-0.01866,0.05709,0.24959,20
9.0,-30.0,0.43839,4.26585,0.0374,0.00659,0.00659,0.80411,0.9,20
9.0,-30.0,0.58665,1.852,0.00708,0.01532,0.01532,0.03312,0.1,20
9.0,-29.0,0.31284,4.04675,0.07843,0.058,0.058,0.85994,0.60338,43
9.0,-29.0,0.2924,6.08613,0.06022,0.02288,0.02288,0.19612,0.25909,43
9.0,-29.0,0.24438,1.26112,0.02311,0.03237,0.03237,0.05399,0.13753,43
9.0,-28.0,0.03287,0.24816,0.0022,0.01901,0.01901,0.19538,0.3261,60
9.0,-28.0,0.40988,4.24974,0.19798,0.07781,0.07781,1.82031,0.6739,60
9.0,-27.0,0.29129,5.30177,0.1768,-0.05558,-0.05558,2.35565,1.0,50
9.0,-26.0,0.56022,4.61614,0.04495,0.02138,0.02138,0.07612,0.55308,20
9.0,-26.0,0.32075,0.93355,0.03889,0.03848,0.03848,0.83613,0.44692,20
9.0,-25.0,0.43333,4.62662,0.03588,0.01936,0.01936,0.12188,0.72222,27
9.0,-25.0,0.27717,1.5246,0.02368,-0.0178,-0.0178,0.1411,0.27778,27
9.0,-24.0,0.3157,3.25073,0.15606,-0.00114,-0.00114,1.82676,0.82759,29
9.0,-24.0,0.03162,0.0644,0.004,0.00815,0.00815,0.01659,0.17241,29
9.0,-23.0,0.01768,6.0869,0.00094,-0.01041,-0.01041,0.11559,0.24999,32
9.0,-23.0,1.25239,3.45418,0.4753,-0.50956,-0.50956,0.57641,0.16588,32
9.0,-23.0,0.1782,1.21309,0.01539,0.09199,0.09199,3.38118,0.58413,32
10.0,-34.0,0.38159,6.00874,0.08306,-0.05056,-0.05056,0.13722,0.73907,23
10.0,-34.0,0.48567,3.0108,0.08077,-0.03406,-0.03406,0.23557,0.26093,23
10.0,-33.0,0.53822,5.78233,0.14353,-0.24708,-0.24708,0.7136,0.8,35
10.0,-33.0,0.68147,2.51857,0.01988,-0.02532,-0.02532,0.06313,0.2,35
10.0,-32.0,0.59014,5.2893,0.01249,0.01122,0.01122,0.0479,1.0,14
10.0,-31.0,0.5978,5.12029,0.0087,0.00073,0.00073,0.02172,1.0,12
10.0,-30.0,0.38526,4.45071,0.02604,0.0244,0.0244,0.26191,1.0,15
10.0,-29.0,0.25204,5.34948,0.04737,0.03621,0.03621,1.27622,1.0,14
10.0,-28.0,0.53703,4.95256,0.05137,0.03794,0.03794,0.64075,1.0,14
10.0,-27.0,0.28221,5.67085,0.09561,-0.03002,-0.03002,1.65707,1.0,41
10.0,-26.0,0.50555,4.67269,0.06464,0.02471,0.02471,0.05235,0.54762,22
10.0,-26.0,0.2747,0.334,0.05177,0.1248,0.1248,0.6918,0.45238,22
10.0,-25.0,0.47048,4.47922,0.03167,0.04561,0.04561,0.11378,0.28309,34
10.0,-25.0,0.01414,6.12616,0.0008,-0.00888,-0.00888,0.09864,0.15625,34
10.0,-25.0,0.21214,2.61045,0.02163,-0.07031,-0.07031,2.42935,0.56067,34
10.0,-24.0,0.01414,6.12616,0.0008,-0.00888,-0.00888,0.09864,0.22727,66
10.0,-24.0,0.72909,4.2013,0.33318,-0.22683,-0.22683,0.28396,0.14577,66
10.0,-24.0,0.22288,0.29147,0.02103,-0.2459,-0.2459,6.09966,0.62697,66
10.0,-23.0,0.20255,5.41577,0.05108,-0.12846,-0.12846,3.01693,0.97778,90
10.0,-23.0,1.99227,2.569,0.00839,0.00412,0.00412,0.00203,0.02222,90
10.0,-22.0,0.23459,0.24005,0.02618,0.06531,0.06531,0.97471,0.77803,31
10.0,-22.0,0.45217,3.28755,0.05185,0.01515,0.01515,0.04186,0.22197,31
10.0,-21.0,0.17409,0.07434,0.03123,0.03342,0.03342,0.36895,1.0,15
11.0,-34.0,0.61698,5.8696,0.03609,0.0028,0.0028,0.04436,0.76923,15
11.0,-34.0,0.6645,2.61133,0.00011,-0.00107,-0.00107,0.02126,0.23077,15
11.0,-33.0,0.62632,5.651,0.01877,0.03089,0.03089,0.11677,0.75,17
11.0,-33.0,0.6824,2.60475,0.00371,-0.01255,-0.01255,0.06085,0.25,17
11.0,-30.0,0.28994,4.13367,0.0001,0.00293,0.00293,0.08542,1.0,5
11.0,-29.0,0.19746,5.34939,0.03788,-0.02335,-0.02335,1.1345,1.0,8
11.0,-25.0,0.04649,6.02534,0.00476,-0.02357,-0.02357,0.15164,0.56481,114
11.0,-25.0,0.09806,2.41493,0.00273,-0.00832,-0.00832,0.32208,0.43519,114
11.0,-24.0,0.0676,5.81186,0.00982,-0.05488,-0.05488,0.4529,0.57073,139
11.0,-24.0,0.11329,2.20805,0.00691,-0.04163,-0.04163,0.53533,0.42927,139
11.0,-23.0,0.09792,5.40598,0.01767,-0.10732,-0.10732,0.99291,0.53149,65
11.0,-23.0,0.31079,0.82605,0.12781,-0.61257,-0.61257,3.97397,0.46851,65
11.0,-22.0,0.15389,0.04711,0.02649,0.00335,0.00335,0.62827,0.80513,64
11.0,-22.0,0.48052,2.94804,0.26681,-0.18779,-0.18779,0.30965,0.19487,64
11.0,-21.0,0.177,6.15781,0.0266,-0.01017,-0.01017,0.16886,1.0,27
12.0,-35.0,0.08236,5.11904,0.00172,-0.00744,-0.00744,0.3711,1.0,9
12.0,-34.0,0.35224,5.76822,0.08777,0.03496,0.03496,0.69931,0.72468,18
12.0,-34.0,0.82697,2.9681,0.39804,0.04015,0.04015,0.03889,0.27532,18
12.0,-25.0,0.16666,5.40367,0.00264,-0.00211,-0.00211,0.00912,1.0,17
12.0,-24.0,0.04655,6.0295,0.00469,-0.02318,-0.02318,0.15025,0.54386,120
12.0,-24.0,0.0975,2.39146,0.00261,-0.00722,-0.00722,0.31096,0.45614,120
12.0,-22.0,0.23803,6.11372,0.04959,0.00806,0.00806,0.07324,1.0,9
12.0,-21.0,0.22148,6.06142,0.03678,-0.00266,-0.00266,0.07276,1.0,10
13.0,-35.0,0.41816,2.718,0.04765,0.00562,0.00562,0.00115,1.0,9
13.0,-34.0,0.28623,5.80651,0.04319,0.07464,0.07464,0.55979,0.60736,28
13.0,-34.0,0.49673,3.02825,0.10343,0.00982,0.00982,0.04964,0.39264,28
14.0,-35.0,0.31939,5.56388,0.03567,0.05305,0.05305,0.48489,0.78865,28
14.0,-35.0,0.70489,3.06639,0.2914,0.14744,0.14744,0.12867,0.21135,28
14.0,-34.0,0.30612,5.96659,0.04471,0.03762,0.03762,0.35917,0.68916,60
14.0,-34.0,0.38326,3.13062,0.17826,0.02217,0.02217,0.23732,0.31084,60
14.0,-33.0,0.1917,2.91189,0.0427,-0.19169,-0.19169,1.34316,0.69231,13
14.0,-33.0,0.01768,6.08689,0.00094,-0.01041,-0.01041,0.1156,0.30769,13
15.0,-35.0,0.41822,6.13853,0.03572,-0.01764,-0.01764,0.17791,1.0,19
15.0,-34.0,0.35844,6.16736,0.05369,-0.00995,-0.00995,0.20099,0.5374,62
15.0,-34.0,0.09261,3.73095,0.00331,-0.06927,-0.06927,4.1853,0.41593,62
15.0,-34.0,0.38885,3.34247,0.04456,-0.16366,-0.16366,0.6013,0.04668,62
15.0,-33.0,0.20567,0.49352,0.04506,0.07693,0.07693,1.5604,1.0,18
15.0,-26.0,0.53959,1.44714,0.08992,0.01529,0.01529,0.03533,1.0,11
15.0,-25.0,0.59653,1.53425,0.08249,-0.0244,-0.0244,0.0816,1.0,12
15.0,-24.0,0.64576,1.51867,0.05841,0.00851,0.00851,0.01342,1.0,12
15.0,-23.0,0.99079,1.67067,0.00084,0.0014,0.0014,0.00474,1.0,9
15.0,-22.0,0.58663,1.59862,0.06274,0.01494,0.01494,0.01663,1.0,13
15.0,-21.0,0.57497,1.53,0.02155,0.00899,0.00899,0.01294,1.0,10
15.0,-18.0,0.61977,1.709,0.00214,0.00224,0.00224,0.00336,1.0,5
15.0,-1.0,0.76502,3.27225,0.06912,-0.09882,-0.09882,0.31852,1.0,8
16.0,-35.0,0.51383,6.04867,0.01181,0.00263,0.00263,0.00166,1.0,6
16.0,-34.0,0.52167,6.23124,0.02542,-0.05246,-0.05246,0.2044,0.31256,29
16.0,-34.0,0.09805,5.9615,0.00621,-0.02721,-0.02721,2.02749,0.68744,29
16.0,-26.0,0.59422,1.47917,0.10357,0.00325,0.00325,0.02926,1.0,11
16.0,-25.0,0.65608,1.40657,0.05063,0.00919,0.00919,0.02934,1.0,17
16.0,-24.0,0.64069,1.50271,0.05023,0.00769,0.00769,0.01396,1.0,18
16.0,-23.0,0.99079,1.67067,0.00084,0.0014,0.0014,0.00474,1.0,9
16.0,-22.0,0.58663,1.59862,0.06274,0.01494,0.01494,0.01663,1.0,13
16.0,-21.0,0.57497,1.53,0.02155,0.00899,0.00899,0.01294,1.0,9
16.0,-18.0,1.02562,1.546,0.00059,0.00061,0.00061,0.00063,1.0,6
16.0,-1.0,0.75122,3.06515,0.06355,-0.10033,-0.10033,0.38223,1.0,13
16.0,0.0,0.54009,3.268,0.0128,0.01806,0.01806,0.08353,1.0,5
17.0,-10.0,0.2096,4.02864,0.00615,0.00161,0.00161,0.0366,0.34587,107
17.0,-10.0,0.16646,0.74166,0.02247,0.06381,0.06381,0.78657,0.65413,107
17.0,-4.0,0.77898,1.318,0.05498,0.041,0.041,0.06055,1.0,7
17.0,-2.0,0.64381,2.2765,0.11176,-0.142,-0.142,0.41828,1.0,10
17.0,-1.0,0.51855,3.1283,0.04636,-0.00321,-0.00321,0.0146,0.625,17
17.0,-1.0,0.09328,6.21862,0.01921,-0.01078,-0.01078,0.00922,0.375,17
17.0,0.0,0.56536,3.0454,0.01487,0.00403,0.00403,0.01138,1.0,11
17.0,2.0,0.10787,3.29633,0.0067,0.01786,0.01786,0.04764,1.0,14
18.0,-11.0,0.28023,4.18483,0.00064,-0.00073,-0.00073,0.00082,0.28571,23
18.0,-11.0,0.1695,4.64368,0.03344,-0.29483,-0.29483,2.83016,0.71429,23
18.0,-10.0,0.20965,4.02871,0.00614,0.00159,0.00159,0.03649,0.35249,104
18.0,-10.0,0.1494,0.69194,0.01309,0.03486,0.03486,0.70426,0.64751,104
18.0,-9.0,0.17923,0.76929,0.01439,0.02229,0.02229,0.19407,0.82258,63
18.0,-9.0,0.11655,3.85564,0.00255,0.00475,0.00475,0.09569,0.17742,63
18.0,-4.0,0.6877,1.16167,0.02373,0.01147,0.01147,0.0396,1.0,7
18.0,-3.0,0.37905,0.813,0.09228,0.12699,0.12699,0.26527,1.0,16
18.0,-2.0,0.22895,0.54978,0.04971,0.11233,0.11233,0.40151,1.0,25
18.0,-1.0,0.24858,1.33734,0.05279,0.22127,0.22127,2.08591,1.0,24
18.0,0.0,0.02759,0.09812,0.0008,0.00423,0.00423,0.0674,0.72727,17
18.0,0.0,0.49801,2.94733,0.00115,-0.00467,-0.00467,0.01895,0.27273,17
18.0,1.0,0.20778,5.1456,0.0435,-0.17773,-0.17773,1.66277,1.0,18
19.0,-3.0,0.17659,0.32035,0.051,0.09074,0.09074,0.31777,1.0,20
19.0,-2.0,0.21865,0.82053,0.05181,0.22291,0.22291,1.28992,0.86957,23
19.0,-2.0,0.18458,4.107,0.02593,0.04099,0.04099,0.0648,0.13043,23
19.0,-1.0,0.4648,2.60929,0.06153,0.12627,0.12627,1.21731,0.64226,16
19.0,-1.0,0.0691,0.15245,0.0101,0.02075,0.02075,0.05352,0.35774,16
19.0,0.0,0.23949,4.87533,0.01681,0.01139,0.01139,0.01334,1.0,9
20.0,1.0,0.19009,3.56183,0.01178,0.01947,0.01947,0.54747,1.0,12
20.0,2.0,0.20811,3.3318,0.01219,0.04823,0.04823,0.33947,1.0,11
21.0,-10.0,0.08935,3.46408,0.00045,0.01187,0.01187,1.63737,0.6731,15
21.0,-10.0,0.06804,0.23109,0.00221,0.01011,0.01011,0.05382,0.3269,15
21.0,-9.0,0.0934,1.0175,0.00065,-0.01018,-0.01018,0.30636,1.0,9
21.0,1.0,0.17634,5.8053,0.02113,-0.15471,-0.15471,4.11486,1.0,18
21.0,2.0,0.28751,5.07396,0.0365,-0.31519,-0.31519,5.37492,1.0,15
22.0,-10.0,0.26469,3.98734,0.05553,-0.19065,-0.19065,2.70583,1.0,17
22.0,-9.0,0.22057,4.36869,0.04266,-0.11731,-0.11731,1.21241,0.70986,17
22.0,-9.0,0.56987,0.95585,0.17107,-0.20438,-0.20438,0.26119,0.29014,17
22.0,2.0,0.32725,0.045,0.04416,0.01043,0.01043,0.00608,0.44444,11
22.0,2.0,0.5435,3.1424,0.08261,-0.00044,-0.00044,0.01028,0.55556,11
23.0,-9.0,0.44247,3.52408,0.07211,-0.06183,-0.06183,0.34353,1.0,17
23.0,-8.0,0.27022,1.83907,0.03569,-0.05046,-0.05046,0.50651,0.5377,18
23.0,-8.0,0.30549,4.23776,0.05063,-0.089,-0.089,0.25262,0.4623,18
23.0,2.0,0.57387,3.18168,0.05036,-0.03163,-0.03163,0.02326,0.39655,15
23.0,2.0,0.20379,1.04966,0.03956,-0.03,-0.03,1.15496,0.60345,15
24.0,-10.0,0.34006,3.10986,0.06114,0.00686,0.00686,0.37749,1.0,10
24.0,-9.0,0.37752,3.26738,0.1388,-0.08854,-0.08854,1.37631,0.80961,35
24.0,-9.0,0.48956,6.2483,0.50251,-0.03226,-0.03226,0.00734,0.19039,35
24.0,-8.0,0.32367,2.14198,0.03002,0.07866,0.07866,0.2577,0.44052,19
24.0,-8.0,0.12818,4.93398,0.00678,-0.0217,-0.0217,1.0093,0.55948,19
24.0,2.0,0.34073,2.43394,0.06037,0.18252,0.18252,1.38306,1.0,17
25.0,-11.0,0.48641,4.201,0.01141,-0.0015,-0.0015,0.07074,1.0,8
25.0,-10.0,0.24449,3.70493,0.02541,0.0411,0.0411,0.1401,0.40831,18
25.0,-10.0,0.44663,2.23863,0.01849,-0.02999,-0.02999,0.46273,0.59169,18
25.0,-9.0,0.42839,2.80223,0.15952,-0.01441,-0.01441,1.2709,0.72928,25
25.0,-9.0,0.926,6.21739,0.66782,-0.04064,-0.04064,0.00788,0.27072,25
25.0,-4.0,0.11117,5.38699,0.01414,-0.06736,-0.06736,1.03783,1.0,11
25.0,-3.0,0.1013,5.462,0.01474,-0.06744,-0.06744,1.09691,1.0,9
25.0,2.0,0.07661,5.6338,0.00942,-0.04965,-0.04965,0.4224,0.47065,35
25.0,2.0,0.3446,2.45093,0.0586,0.14719,0.14719,1.36675,0.52935,35
26.0,-12.0,0.54178,4.2514,0.01197,0.01026,0.01026,0.09168,1.0,5
26.0,-11.0,0.50801,4.21762,0.01037,0.00539,0.00539,0.08619,1.0,11
26.0,-10.0,0.33548,4.28937,0.02402,-0.01753,-0.01753,0.16536,0.61538,22
26.0,-10.0,0.65189,1.3678,0.14654,-0.10496,-0.10496,0.12258,0.38462,22
26.0,-9.0,0.22624,2.04285,0.02387,0.20253,0.20253,1.73817,0.43361,15
26.0,-9.0,0.41543,5.60446,0.0864,0.48627,0.48627,4.63444,0.56639,15
26.0,1.0,0.14607,5.4566,0.017,-0.04351,-0.04351,0.24038,1.0,13
26.0,2.0,0.18337,5.043,0.00512,-0.00952,-0.00952,0.01769,0.12903,31
26.0,2.0,0.01414,6.12615,0.0008,-0.00888,-0.00888,0.09864,0.32258,31
26.0,2.0,0.26066,1.90005,0.04514,-0.21086,-0.21086,3.29594,0.54839,31
27.0,-10.0,0.23291,6.26154,0.14038,-0.01388,-0.01388,0.00142,0.30621,26
27.0,-10.0,0.6893,1.1673,0.41513,-0.53078,-0.53078,0.68787,0.19521,26
27.0,-10.0,0.1985,4.26446,0.01976,-0.01013,-0.01013,2.22554,0.49858,26
27.0,-9.0,0.23185,6.26167,0.1401,-0.01385,-0.01385,0.00141,0.37938,21
27.0,-9.0,0.21263,4.93429,0.03163,0.11001,0.11001,1.71524,0.47945,21
27.0,-9.0,0.1233,1.83213,0.00063,0.00197,0.00197,0.03757,0.14117,21
