-3.0,-1.0,0.68894,2.90643,0.62715,-0.01398,-0.01398,0.39325,0.63636,11
-3.0,-1.0,0.06731,0.09525,0.01359,0.01924,0.01924,0.02722,0.36364,11
-2.0,-4.0,0.22427,2.58,0.0122,-0.04062,-0.04062,0.24959,1.0,13
-2.0,-2.0,0.51939,3.2448,0.20504,0.0033,0.0033,0.87299,0.71838,42
-2.0,-2.0,0.27027,0.15437,0.06806,0.01306,0.01306,0.04932,0.28162,42
-2.0,-1.0,0.41282,3.03953,0.06792,0.05543,0.05543,0.76775,0.72166,51
-2.0,-1.0,0.25234,0.11806,0.07588,0.0214,0.0214,0.03168,0.27834,51
-2.0,0.0,0.2083,2.08638,0.01942,-0.06859,-0.06859,0.47363,1.0,13
-1.0,-31.0,0.34886,3.45554,0.05807,-0.01716,-0.01716,0.13592,0.5238,21
-1.0,-31.0,0.04943,0.23563,0.00156,0.00176,0.00176,0.296,0.4762,21
-1.0,-30.0,0.59547,3.24609,0.21024,0.02809,0.02809,0.4936,0.59782,82
-1.0,-30.0,0.09317,0.40307,0.00532,-0.00011,-0.00011,2.33874,0.40218,82
-1.0,-29.0,0.5787,3.4345,0.01386,0.00877,0.00877,0.00555,1.0,13
-1.0,-5.0,0.30077,1.98833,0.01287,-0.0491,-0.0491,0.20017,1.0,12
-1.0,-4.0,0.17919,1.1893,0.03996,0.13656,0.13656,2.13003,1.0,44
-1.0,-3.0,0.21871,1.30747,0.07031,0.29371,0.29371,4.11439,1.0,117
-1.0,-2.0,0.22702,3.12667,0.12322,-0.01229,-0.01229,0.00124,0.0709,200
-1.0,-2.0,0.29575,1.74754,0.08834,0.47085,0.47085,5.4454,0.9291,200
-1.0,-1.0,0.31633,1.18318,0.0774,0.08033,0.08033,2.06183,0.70835,117
-1.0,-1.0,0.56719,3.75303,0.10704,-0.09851,-0.09851,0.3942,0.29165,117
-1.0,0.0,0.01534,5.78436,0.00072,-0.02343,-0.02343,0.76773,0.26406,142
-1.0,0.0,0.28027,2.23578,0.04369,0.08786,0.08786,3.19165,0.73594,142
-1.0,1.0,0.17034,1.1102,0.03203,0.15507,0.15507,3.38972,1.0,81
0.0,-31.0,0.24421,6.17977,0.0596,-0.03153,-0.03153,0.47913,0.51029,276
0.0,-31.0,0.61675,3.30051,0.26236,0.07791,0.07791,0.31693,0.48971,276
0.0,-30.0,0.27479,0.1115,0.05949,0.0021,0.0021,1.00326,0.56516,502
0.0,-30.0,0.55516,3.36719,0.17498,0.02739,0.02739,0.31442,0.43086,502
0.0,-30.0,2.91959,4.371,0.00478,0.00249,0.00249,0.0013,0.00398,502
0.0,-29.0,0.06141,5.53091,0.00252,-0.02885,-0.02885,2.6053,0.43761,416
0.0,-29.0,0.39353,2.95811,0.05598,0.02088,0.02088,2.78002,0.56239,416
0.0,-28.0,0.06413,5.1698,0.00276,-0.04401,-0.04401,3.07077,0.57603,869
0.0,-28.0,0.3062,2.67944,0.04677,0.23707,0.23707,4.00761,0.4205,869
0.0,-28.0,1.98539,4.34033,0.00073,-0.00092,-0.00092,0.017,0.00347,869
0.0,-27.0,0.20129,1.39393,0.0805,0.39201,0.39201,3.87506,1.0,95
0.0,-26.0,0.50902,2.67306,0.07258,-0.04843,-0.04843,0.10077,0.4575,57
0.0,-26.0,0.16279,6.08142,0.01901,-0.03215,-0.03215,2.35127,0.5425,57
0.0,-25.0,0.54011,2.78131,0.06904,-0.04453,-0.04453,0.04263,0.52837,25
0.0,-25.0,0.13451,0.4008,0.01064,0.06306,0.06306,2.34986,0.47163,25
0.0,-5.0,0.10927,4.93155,0.01104,-0.10648,-0.10648,3.60174,0.87043,101
0.0,-5.0,0.89779,3.66661,0.32835,0.02933,0.02933,0.29526,0.12957,101
0.0,-4.0,0.13729,3.59351,0.00745,-0.06631,-0.06631,4.28425,0.56705,265
0.0,-4.0,0.01305,0.14491,0.00075,0.00835,0.00835,0.09275,0.24808,265
0.0,-4.0,0.56524,3.22415,0.11692,0.04152,0.04152,1.689,0.18487,265
0.0,-3.0,0.3744,1.1052,0.06026,0.1377,0.1377,3.70684,0.36212,369
0.0,-3.0,0.08115,4.47695,0.0047,-0.10175,-0.10175,4.56615,0.63788,369
0.0,-2.0,0.09301,1.36717,0.00613,0.083,0.083,4.11847,0.60275,375
0.0,-2.0,0.47537,1.2399,0.07882,0.1571,0.1571,3.63909,0.39725,375
0.0,-1.0,0.04043,6.20173,0.0019,-0.00664,-0.00664,1.00894,0.38506,222
0.0,-1.0,0.42047,3.02998,0.08527,-0.04734,-0.04734,1.56084,0.45124,222
0.0,-1.0,0.52217,6.13965,0.0667,0.01077,0.01077,0.15087,0.1637,222
0.0,0.0,0.36811,2.61853,0.0415,0.09383,0.09383,5.46714,0.44772,205
0.0,0.0,0.05758,2.66508,0.00207,0.10112,0.10112,7.39846,0.51448,205
0.0,0.0,0.75673,2.41029,0.13766,0.04233,0.04233,0.02369,0.0378,205
0.0,1.0,0.21838,1.42443,0.04951,0.18102,0.18102,3.31761,1.0,76
1.0,-31.0,0.36089,6.20575,0.10632,-0.01734,-0.01734,0.02862,0.29373,510
1.0,-31.0,0.68232,3.12693,0.08348,0.0077,0.0077,0.07534,0.20928,510
1.0,-31.0,0.42415,5.1477,0.02842,-0.05038,-0.05038,2.56277,0.3639,510
1.0,-31.0,0.08987,2.90691,0.00177,-0.02996,-0.02996,3.37811,0.11089,510
1.0,-31.0,1.63011,4.85835,0.54698,-0.5325,-0.5325,0.85008,0.0222,510
1.0,-30.0,0.60925,3.22073,0.09278,0.01138,0.01138,0.20833,0.19105,1118
1.0,-30.0,0.41315,6.18602,0.05258,-0.04095,-0.04095,2.13509,0.58753,1118
1.0,-30.0,0.05453,4.78406,0.00226,-0.06217,-0.06217,3.22148,0.22143,1118
1.0,-29.0,0.05959,5.38623,0.00243,-0.03442,-0.03442,2.60352,0.37875,1613
1.0,-29.0,0.38846,3.15188,0.05277,0.18049,0.18049,5.68626,0.61938,1613
1.0,-29.0,1.69459,3.50167,0.00671,0.00956,0.00956,0.02037,0.00187,1613
1.0,-28.0,0.29341,4.168,0.02457,-0.04059,-0.04059,5.36949,0.4971,2204
1.0,-28.0,0.0527,0.12646,0.00198,0.00588,0.00588,2.27813,0.41155,2204
1.0,-28.0,2.17089,1.17111,0.09907,-0.03793,-0.03793,0.12258,0.00272,2204
1.0,-28.0,0.60637,2.61274,0.12429,0.14481,0.14481,2.63816,0.08864,2204
1.0,-27.0,0.05834,0.1014,0.00243,0.00577,0.00577,2.37387,0.43182,1257
1.0,-27.0,0.36129,2.71495,0.03976,0.0014,0.0014,4.09309,0.5482,1257
1.0,-27.0,1.41023,2.15634,0.79701,0.27926,0.27926,0.22556,0.01999,1257
1.0,-26.0,0.61521,2.299,0.13084,0.03898,0.03898,0.10802,0.33009,298
1.0,-26.0,0.25165,5.74236,0.05793,-0.04004,-0.04004,2.5386,0.6597,298
1.0,-26.0,2.73809,2.66833,0.00702,-0.00359,-0.00359,0.00184,0.0102,298
1.0,-25.0,0.60281,2.60055,0.06816,-0.05555,-0.05555,0.07706,0.41502,67
1.0,-25.0,0.21586,0.89767,0.02973,0.0535,0.0535,1.73666,0.58498,67
1.0,-5.0,0.01768,0.19624,0.00094,0.01041,0.01041,0.11554,0.21874,131
1.0,-5.0,0.17162,3.13832,0.00966,-0.08467,-0.08467,5.4385,0.55812,131
1.0,-5.0,0.51699,3.99444,0.06159,0.01597,0.01597,1.91545,0.22313,131
1.0,-4.0,0.0145,0.16101,0.00082,0.00905,0.00905,0.10047,0.23636,332
1.0,-4.0,0.54734,3.2861,0.09825,0.01182,0.01182,2.05529,0.19664,332
1.0,-4.0,0.15137,5.96695,0.00801,0.11683,0.11683,5.33136,0.567,332
1.0,-3.0,0.12446,5.17596,0.00986,-0.06651,-0.06651,3.39353,0.72854,266
1.0,-3.0,0.68556,5.72811,0.138,0.17228,0.17228,0.3636,0.06546,266
1.0,-3.0,0.48407,2.01227,0.07859,0.18973,0.18973,1.86951,0.206,266
1.0,-2.0,0.08882,6.27237,0.13876,-0.01861,-0.01861,0.0025,0.13613,250
1.0,-2.0,0.66484,0.01975,0.06004,-0.03838,-0.03838,0.2071,0.19795,250
1.0,-2.0,0.51539,2.74987,0.06843,0.06899,0.06899,0.6706,0.21697,250
1.0,-2.0,0.15433,4.81673,0.00794,0.08767,0.08767,5.07312,0.44896,250
1.0,-1.0,0.29025,4.83267,0.08523,-0.40037,-0.40037,5.65229,1.0,217
1.0,0.0,0.67282,3.21835,0.0855,-0.10087,-0.10087,0.16057,0.13767,125
1.0,0.0,0.10757,4.36253,0.0024,-0.00724,-0.00724,0.18204,0.1486,125
1.0,0.0,0.19022,0.59317,0.04465,-0.02192,-0.02192,1.45836,0.71372,125
1.0,1.0,0.65003,3.28244,0.01913,0.00368,0.00368,0.01248,1.0,11
2.0,-32.0,0.26298,5.06927,0.0708,-0.17038,-0.17038,3.17416,1.0,127
2.0,-31.0,0.43416,6.04821,0.06228,-0.01963,-0.01963,0.62902,0.44917,871
2.0,-31.0,0.54046,3.01893,0.07584,-0.00108,-0.00108,0.3363,0.31162,871
2.0,-31.0,0.06046,4.59797,0.00265,-0.072,-0.072,3.8742,0.23459,871
2.0,-31.0,2.09938,5.8715,0.14411,0.00315,0.00315,0.00198,0.00461,871
2.0,-30.0,0.05172,1.12723,0.00207,0.04326,0.04326,2.8624,0.23433,1428
2.0,-30.0,0.62632,2.9966,0.06781,0.01582,0.01582,0.17586,0.15329,1428
2.0,-30.0,0.41772,6.1333,0.04722,-2e-05,-2e-05,2.56397,0.59513,1428
2.0,-30.0,1.37195,5.25605,0.3088,-0.72528,-0.72528,4.85635,0.01726,1428
2.0,-29.0,0.3316,1.85826,0.06602,0.37332,0.37332,5.95715,0.98328,1497
2.0,-29.0,1.64965,3.31646,0.38709,0.04531,0.04531,2.87298,0.01672,1497
2.0,-28.0,0.12668,5.83941,0.01662,-0.04363,-0.04363,0.79977,0.34603,1777
2.0,-28.0,0.40367,2.26067,0.05957,-0.0035,-0.0035,2.99375,0.65397,1777
2.0,-27.0,0.52918,2.26979,0.06584,-0.0066,-0.0066,0.24331,0.26296,1061
2.0,-27.0,0.27964,5.81828,0.05756,-0.04119,-0.04119,2.38236,0.72947,1061
2.0,-27.0,2.71499,2.35659,0.05665,0.02903,0.02903,0.30879,0.00757,1061
2.0,-26.0,0.5919,2.21017,0.04107,0.0084,0.0084,0.11992,0.37038,337
2.0,-26.0,0.17188,6.2488,0.02889,-0.02987,-0.02987,1.94253,0.45748,337
2.0,-26.0,0.76126,5.62368,0.34784,0.42476,0.42476,0.62124,0.17214,337
2.0,-6.0,0.27503,6.24529,0.05352,-0.01485,-0.01485,0.1044,1.0,7
2.0,-5.0,0.45092,6.13195,0.44666,-0.11511,-0.11511,0.05464,0.15425,87
2.0,-5.0,0.26432,2.21777,0.03343,0.15306,0.15306,3.97368,0.77122,87
2.0,-5.0,0.30425,4.68262,0.0476,-0.00973,-0.00973,0.00279,0.07453,87
2.0,-4.0,0.3137,2.31446,0.09485,0.4687,0.4687,4.6619,1.0,132
2.0,-3.0,0.37095,3.40776,0.08809,0.02147,0.02147,0.99392,0.64091,149
2.0,-3.0,0.37681,0.01283,0.18344,-3e-05,-3e-05,0.19202,0.35909,149
2.0,-2.0,0.51788,6.26423,0.1059,-0.02233,-0.02233,0.16658,0.29168,227
2.0,-2.0,0.45396,3.13157,0.06149,-0.01105,-0.01105,1.12477,0.37282,227
2.0,-2.0,0.05702,2.18776,0.00251,0.09615,0.09615,5.97012,0.3355,227
2.0,-1.0,0.36703,0.03512,0.12239,-0.00779,-0.00779,0.10569,0.46678,147
2.0,-1.0,0.41828,2.5049,0.0753,0.11626,0.11626,0.74334,0.449,147
2.0,-1.0,0.09007,4.59224,0.00306,-0.00241,-0.00241,0.14205,0.08422,147
2.0,0.0,0.63387,3.24442,0.01825,-0.0333,-0.0333,0.07217,0.3074,42
2.0,0.0,0.36696,0.16989,0.08783,0.05312,0.05312,0.93324,0.57992,42
2.0,0.0,0.28422,2.10856,0.10154,0.23861,0.23861,0.56228,0.11268,42
2.0,1.0,0.70961,3.32091,0.00941,0.00115,0.00115,0.00732,0.61111,18
2.0,1.0,0.58345,0.37713,0.11637,-0.07944,-0.07944,0.48825,0.38889,18
3.0,-32.0,0.27014,5.22731,0.08019,-0.16615,-0.16615,3.14673,1.0,511
3.0,-31.0,0.42881,6.02255,0.05997,0.00599,0.00599,0.52854,0.39206,1239
3.0,-31.0,0.4446,2.96025,0.07554,0.00698,0.00698,0.44916,0.38872,1239
3.0,-31.0,0.0294,0.01909,0.00129,-0.00013,-0.00013,0.47,0.19577,1239
3.0,-31.0,1.56438,4.5637,0.52903,-0.08811,-0.08811,1.87529,0.02344,1239
3.0,-30.0,0.46791,2.91608,0.11266,-0.0513,-0.0513,1.83344,0.59904,1467
3.0,-30.0,0.28301,6.18775,0.07026,-0.01528,-0.01528,0.21669,0.39959,1467
3.0,-30.0,1.68279,4.7745,0.11074,0.0208,0.0208,0.00391,0.00137,1467
3.0,-29.0,0.43069,2.78334,0.06357,-0.06235,-0.06235,1.61618,0.60934,1282
3.0,-29.0,0.29027,6.1812,0.07551,-0.04354,-0.04354,0.33636,0.35135,1282
3.0,-29.0,2.87137,4.0595,0.01271,0.01201,0.01201,0.01134,0.00156,1282
3.0,-29.0,2.5334,2.48006,0.01604,0.07751,0.07751,0.38727,0.00308,1282
3.0,-29.0,1.24359,4.7591,0.31374,0.22393,0.22393,2.54726,0.03467,1282
3.0,-28.0,0.36402,1.34556,0.07113,0.1998,0.1998,4.02918,0.9668,1280
3.0,-28.0,0.87765,5.67023,0.31595,0.21449,0.21449,0.21366,0.0332,1280
3.0,-27.0,0.33077,1.21171,0.06969,0.13624,0.13624,3.24251,0.94918,891
3.0,-27.0,0.90246,5.71034,0.37,0.11416,0.11416,0.07595,0.04633,891
3.0,-27.0,2.57232,2.1572,0.0333,-0.08851,-0.08851,0.35201,0.00449,891
3.0,-26.0,0.43119,2.4017,0.10355,-0.04037,-0.04037,0.59641,0.61959,22
3.0,-26.0,0.44422,6.00791,0.11574,-0.08306,-0.08306,0.06821,0.38041,22
3.0,-5.0,1.66183,6.07529,0.40235,-0.05033,-0.05033,0.0063,0.08184,14
3.0,-5.0,0.26161,5.55079,0.06984,-0.19746,-0.19746,1.82426,0.91816,14
3.0,-4.0,0.39686,3.59806,0.0542,0.02309,0.02309,0.27631,0.60339,50
3.0,-4.0,0.39601,0.15712,0.14975,-0.00559,-0.00559,0.4348,0.39661,50
3.0,-3.0,0.42139,4.77572,0.12659,-0.2225,-0.2225,3.48738,1.0,127
3.0,-2.0,0.34392,1.8695,0.12239,0.52725,0.52725,4.21384,0.82172,197
3.0,-2.0,0.49644,5.78635,0.08015,0.16098,0.16098,0.46558,0.17828,197
3.0,-1.0,0.39115,3.73852,0.12011,-0.64219,-0.64219,6.76806,1.0,106
3.0,0.0,0.39879,0.10278,0.12777,-0.08186,-0.08186,1.58254,0.70276,48
3.0,0.0,0.56923,2.94022,0.01101,0.03585,0.03585,0.13356,0.18146,48
3.0,0.0,0.30653,1.7226,0.0222,-0.06404,-0.06404,0.20019,0.11578,48
3.0,1.0,0.69438,3.26869,0.01579,0.00267,0.00267,0.03147,0.52515,18
3.0,1.0,0.42875,0.54445,0.10816,-0.21923,-0.21923,1.53942,0.47485,18
4.0,-33.0,0.12523,5.44584,0.0239,-0.08529,-0.08529,1.03327,1.0,24
4.0,-32.0,0.26255,5.25931,0.07851,-0.22439,-0.22439,3.37629,1.0,1061
4.0,-31.0,0.38667,3.09655,0.07555,-0.0107,-0.0107,1.18724,0.54,1653
4.0,-31.0,0.46201,6.10794,0.12134,-0.01931,-0.01931,0.23115,0.30151,1653
4.0,-31.0,0.00761,0.08452,0.00048,0.00533,0.00533,0.0592,0.15728,1653
4.0,-31.0,2.84645,2.73,0.00021,0.00469,0.00469,0.10498,0.00121,1653
4.0,-30.0,0.36481,3.02965,0.05747,-0.05831,-0.05831,7.612,0.67126,1697
4.0,-30.0,0.26219,6.22601,0.18345,-0.03907,-0.03907,0.02005,0.20124,1697
4.0,-30.0,0.69713,2.8397,0.18586,0.13073,0.13073,0.26783,0.12632,1697
4.0,-30.0,2.00146,0.7925,0.00292,0.00332,0.00332,0.00378,0.00118,1697
4.0,-29.0,0.39813,2.57788,0.06153,-0.00943,-0.00943,2.58047,0.68956,1538
4.0,-29.0,0.20484,6.14839,0.05897,-0.03414,-0.03414,0.06828,0.23242,1538
4.0,-29.0,1.37628,2.93677,0.47828,-0.77397,-0.77397,4.37918,0.04179,1538
4.0,-29.0,0.46929,5.02068,0.15667,0.11935,0.11935,0.10166,0.03623,1538
4.0,-28.0,0.30925,6.02023,0.08886,-0.05506,-0.05506,0.21525,0.37205,1327
4.0,-28.0,0.41369,2.76951,0.07781,-0.0521,-0.0521,1.28754,0.62183,1327
4.0,-28.0,2.22625,3.17,0.1821,0.07005,0.07005,0.0349,0.00461,1327
4.0,-28.0,2.47583,0.14591,0.03652,-0.04951,-0.04951,0.06713,0.00151,1327
4.0,-27.0,0.39494,6.09074,0.05083,-0.01403,-0.01403,0.48281,0.314,727
4.0,-27.0,0.47672,2.69099,0.04964,-0.02458,-0.02458,0.39845,0.36525,727
4.0,-27.0,0.06334,4.81313,0.00285,-0.0635,-0.0635,3.46828,0.31384,727
4.0,-27.0,2.48059,0.01213,0.04068,-0.01326,-0.01326,0.08592,0.00692,727
4.0,-26.0,0.11037,0.42329,0.01976,0.05474,0.05474,0.58917,1.0,30
4.0,-4.0,0.10641,0.03173,0.11322,0.03376,0.03376,0.01007,0.275,40
4.0,-4.0,0.43142,4.8584,0.05638,-0.02403,-0.02403,2.36342,0.725,40
4.0,-3.0,0.06758,4.50598,0.00105,-0.00404,-0.00404,0.13802,0.09276,132
4.0,-3.0,0.38972,2.86846,0.1084,0.59811,0.59811,5.82408,0.90724,132
4.0,-2.0,0.30369,0.01423,0.12883,0.00423,0.00423,0.01181,0.35562,169
4.0,-2.0,0.43356,3.47334,0.11181,0.03916,0.03916,1.26896,0.64438,169
4.0,-1.0,0.23152,6.19735,0.09559,-0.00837,-0.00837,0.05819,0.45337,113
4.0,-1.0,0.39345,3.00307,0.06579,0.01535,0.01535,0.85181,0.54663,113
4.0,0.0,0.09203,6.10853,0.01378,-0.02398,-0.02398,0.05638,0.36506,58
4.0,0.0,0.37831,1.80987,0.07168,-0.18395,-0.18395,1.95628,0.63494,58
4.0,1.0,0.64948,3.23155,0.01889,-0.01404,-0.01404,0.03149,0.41985,20
4.0,1.0,0.34989,1.17832,0.04604,-0.04115,-0.04115,0.62078,0.58015,20
5.0,-33.0,0.14551,4.85817,0.0325,-0.26326,-0.26326,3.93903,1.0,83
5.0,-32.0,0.41289,3.09192,0.05241,-0.01476,-0.01476,0.5436,0.32292,1559
5.0,-32.0,0.00855,0.09492,0.00053,0.0059,0.0059,0.06551,0.20139,1559
5.0,-32.0,0.09262,4.16036,0.00182,0.02183,0.02183,5.94219,0.24627,1559
5.0,-32.0,1.40847,2.7817,0.67282,0.11181,0.11181,0.01859,0.00509,1559
5.0,-32.0,0.46134,6.02746,0.08312,-0.01514,-0.01514,0.25579,0.22433,1559
5.0,-31.0,0.38103,3.05133,0.07724,0.00576,0.00576,1.58595,0.61997,1940
5.0,-31.0,0.30971,6.17974,0.13293,-0.03592,-0.03592,0.12672,0.38003,1940
5.0,-30.0,0.33466,2.62979,0.07447,0.08073,0.08073,9.01518,0.95931,1991
5.0,-30.0,2.89107,0.09548,0.00282,-0.0072,-0.0072,0.01957,0.0015,1991
5.0,-30.0,1.04981,2.94788,0.42844,0.81436,0.81436,2.4325,0.03717,1991
5.0,-30.0,2.3671,4.1675,0.01437,0.00222,0.00222,0.00034,0.00101,1991
5.0,-30.0,2.00146,0.7925,0.00292,0.00332,0.00332,0.00378,0.00101,1991
5.0,-29.0,0.34761,2.69688,0.07234,-0.02002,-0.02002,6.83248,0.97736,1808
5.0,-29.0,1.44169,2.97768,0.35239,0.16463,0.16463,1.51512,0.01952,1808
5.0,-29.0,2.54331,6.00452,0.09929,0.02289,0.02289,0.04953,0.00312,1808
5.0,-28.0,0.45336,6.05381,0.06111,-0.01364,-0.01364,0.5987,0.37053,1213
5.0,-28.0,0.47707,2.91926,0.03259,0.00228,0.00228,0.35047,0.38664,1213
5.0,-28.0,0.06734,2.06218,0.00279,0.086,0.086,4.82504,0.21337,1213
5.0,-28.0,1.21858,1.94695,0.31966,0.15755,0.15755,1.33915,0.02946,1213
5.0,-27.0,0.3157,6.05388,0.07574,-0.00454,-0.00454,0.49543,0.53497,459
5.0,-27.0,0.46728,2.7571,0.11899,0.0032,0.0032,0.35459,0.46503,459
5.0,-26.0,0.40867,0.31756,0.05399,0.06427,0.06427,0.15355,1.0,9
5.0,-4.0,0.26929,5.01087,0.08877,-0.38075,-0.38075,3.88735,1.0,31
5.0,-3.0,1.04409,3.26375,0.64167,-0.0751,-0.0751,0.00957,0.09519,77
5.0,-3.0,0.35378,2.5617,0.07997,0.42634,0.42634,5.62305,0.90481,77
5.0,-2.0,0.4581,3.29189,0.05657,-0.02184,-0.02184,0.20717,0.47297,150
5.0,-2.0,0.35036,0.17798,0.10077,-0.02461,-0.02461,1.0723,0.52703,150
5.0,-1.0,0.40205,3.04682,0.05307,-0.00884,-0.00884,0.71686,0.60127,135
5.0,-1.0,0.29927,6.26589,0.10321,0.01047,0.01047,0.09261,0.39873,135
5.0,0.0,0.05801,6.14339,0.00826,-0.01954,-0.01954,0.05538,0.40245,55
5.0,0.0,0.30457,2.45726,0.03639,-0.12846,-0.12846,1.61599,0.59755,55
5.0,1.0,0.44061,3.20864,0.04814,0.024,0.024,0.114,0.61111,18
5.0,1.0,0.37448,0.48257,0.06762,0.08211,0.08211,0.12377,0.38889,18
5.0,2.0,0.51668,3.392,0.00179,-0.00301,-0.00301,0.00504,1.0,7
6.0,-33.0,0.13464,1.49681,0.027,0.28404,0.28404,5.89731,1.0,1746
6.0,-32.0,0.35992,2.78937,0.04608,-0.00161,-0.00161,0.63206,0.27599,3300
6.0,-32.0,0.00592,6.09725,0.00026,-0.0082,-0.0082,0.25757,0.23813,3300
6.0,-32.0,0.08653,0.74562,0.00127,-0.0233,-0.0233,4.33953,0.26995,3300
6.0,-32.0,0.43039,5.76125,0.07906,-0.02282,-0.02282,0.46273,0.21593,3300
6.0,-31.0,0.42556,3.20714,0.05003,0.17503,0.17503,5.50572,0.68296,2132
6.0,-31.0,0.04564,0.01118,0.00188,6e-05,6e-05,1.77766,0.26769,2132
6.0,-31.0,1.03875,2.26827,0.29444,0.99782,0.99782,6.57245,0.04935,2132
6.0,-30.0,0.28893,5.98445,0.09969,-0.05107,-0.05107,0.45693,0.49534,2179
6.0,-30.0,0.38084,2.77401,0.07594,-0.02135,-0.02135,1.09108,0.50466,2179
6.0,-29.0,0.32546,2.55612,0.0772,-0.10302,-0.10302,8.64767,0.9965,1983
6.0,-29.0,2.88039,3.577,0.00583,-0.00825,-0.00825,0.01166,0.00101,1983
6.0,-29.0,2.12408,0.00096,0.18229,-0.20332,-0.20332,0.22857,0.00249,1983
6.0,-28.0,0.30656,2.80028,0.04254,0.0143,0.0143,1.17078,0.52327,1929
6.0,-28.0,0.35807,6.18901,0.06438,0.02389,0.02389,0.4622,0.28997,1929
6.0,-28.0,0.008,6.03181,0.00034,-0.01056,-0.01056,0.33177,0.16865,1929
6.0,-28.0,1.5765,1.55113,0.62075,-0.83311,-0.83311,3.1659,0.01707,1929
6.0,-28.0,2.86766,2.784,0.0003,-0.00157,-0.00157,0.00828,0.00104,1929
6.0,-27.0,0.09236,0.82076,0.00157,-0.02179,-0.02179,3.20747,0.28156,759
6.0,-27.0,0.37484,2.08492,0.04374,-0.06671,-0.06671,3.0394,0.49829,759
6.0,-27.0,0.00864,6.01168,0.00036,-0.01123,-0.01123,0.35289,0.21484,759
6.0,-27.0,2.55351,0.4155,0.0796,-0.06549,-0.06549,0.06375,0.00531,759
6.0,-3.0,0.45283,2.75402,0.09001,0.22166,0.22166,1.95741,0.72391,23
6.0,-3.0,0.47513,0.46711,0.03761,0.14242,0.14242,0.57348,0.27609,23
6.0,-2.0,0.41917,3.19484,0.06353,0.01543,0.01543,0.3448,0.58963,113
6.0,-2.0,0.39254,0.11093,0.11144,0.00685,0.00685,0.52474,0.41037,113
6.0,-1.0,0.35416,0.03389,0.15849,0.01134,0.01134,0.13761,0.4068,132
6.0,-1.0,0.37869,3.11002,0.05431,-0.02458,-0.02458,0.60749,0.5932,132
6.0,0.0,0.20954,0.18136,0.04479,0.14215,0.14215,0.86315,0.62621,43
6.0,0.0,0.24605,3.14971,0.02863,0.0271,0.0271,0.19514,0.37379,43
6.0,1.0,0.41304,3.04169,0.04809,-0.08286,-0.08286,0.78471,0.62192,22
6.0,1.0,0.23346,6.26241,0.12798,0.01761,0.01761,0.01451,0.37808,22
6.0,2.0,0.45406,3.257,0.03883,0.00782,0.00782,0.03596,1.0,9
7.0,-34.0,0.17146,1.65882,0.03589,0.28715,0.28715,5.25989,1.0,203
7.0,-33.0,0.16264,1.26854,0.03253,0.26417,0.26417,5.15384,0.9707,2580
7.0,-33.0,0.812,2.68595,0.22566,0.08428,0.08428,0.19158,0.0293,2580
7.0,-32.0,0.04616,5.17814,0.00205,-0.04981,-0.04981,2.75168,0.41183,3566
7.0,-32.0,0.37536,2.67526,0.05391,0.01572,0.01572,0.63396,0.28258,3566
7.0,-32.0,0.35829,5.84729,0.07807,-0.07133,-0.07133,0.59257,0.30559,3566
7.0,-31.0,0.42797,2.62191,0.06342,-0.00091,-0.00091,0.64073,0.45483,1632
7.0,-31.0,0.32418,5.89144,0.07591,-0.04482,-0.04482,0.58806,0.52389,1632
7.0,-31.0,2.51976,2.5095,0.05705,-0.04264,-0.04264,0.03186,0.00123,1632
7.0,-31.0,1.25663,1.12217,0.26245,-0.4908,-0.4908,4.10725,0.02005,1632
7.0,-30.0,0.36112,2.67062,0.08224,0.05649,0.05649,8.82058,0.99874,1588
7.0,-30.0,2.68094,3.561,0.03881,-0.05516,-0.05516,0.0784,0.00126,1588
7.0,-29.0,0.33693,1.88518,0.07054,0.18348,0.18348,6.75277,1.0,1599
7.0,-28.0,0.05623,1.81743,0.00254,0.05459,0.05459,7.87387,0.43005,2145
7.0,-28.0,0.92596,0.07632,0.60431,0.12622,0.12622,0.19944,0.02186,2145
7.0,-28.0,1.78972,3.49014,0.72809,-0.24314,-0.24314,0.19656,0.00454,2145
7.0,-28.0,0.36205,1.41701,0.03803,0.07766,0.07766,3.67818,0.54355,2145
7.0,-27.0,0.0442,5.74024,0.00193,-0.02338,-0.02338,1.77261,0.49329,1093
7.0,-27.0,0.31091,1.45114,0.07502,-0.03557,-0.03557,2.40121,0.50671,1093
7.0,-3.0,0.56864,2.93519,0.12957,0.11657,0.11657,0.37271,0.66666,18
7.0,-3.0,0.40678,6.13236,0.17493,0.00609,0.00609,0.14497,0.33334,18
7.0,-2.0,0.38284,3.21773,0.0659,0.01348,0.01348,0.51587,0.59007,110
7.0,-2.0,0.30911,6.2211,0.13873,0.00311,0.00311,0.14518,0.40993,110
7.0,-1.0,0.38494,6.19377,0.28736,-0.0764,-0.0764,0.19968,0.4567,105
7.0,-1.0,0.35872,3.19082,0.05769,0.02311,0.02311,0.48801,0.5433,105
7.0,0.0,0.31737,6.08364,0.18904,-0.10039,-0.10039,0.60183,0.59163,31
7.0,0.0,0.32575,2.89784,0.03617,-0.07555,-0.07555,0.29444,0.40837,31
7.0,1.0,0.45554,3.08989,0.04387,0.00705,0.00705,0.04717,0.5,18
7.0,1.0,1.02187,0.62387,1.25495,0.82329,0.82329,0.74279,0.5,18
7.0,2.0,0.56655,3.04783,0.0111,0.0025,0.0025,0.01955,1.0,7
8.0,-35.0,0.06362,4.97626,0.00523,-0.1045,-0.1045,3.34921,0.81817,57
8.0,-35.0,1.16135,4.53469,1.11212,-0.53437,-0.53437,0.47101,0.18183,57
8.0,-34.0,0.17812,5.48294,0.03795,-0.1003,-0.1003,2.87256,0.98437,1013
8.0,-34.0,1.09167,2.96075,0.52576,0.1894,0.1894,0.10529,0.01563,1013
8.0,-33.0,0.41131,5.69193,0.05281,-0.02299,-0.02299,0.60363,0.30193,2056
8.0,-33.0,0.03853,5.95653,0.00166,-0.01436,-0.01436,1.07819,0.31243,2056
8.0,-33.0,0.36685,2.6615,0.08182,0.03012,0.03012,0.8036,0.38563,2056
8.0,-32.0,0.42681,2.72272,0.06767,-0.0055,-0.0055,0.76415,0.50307,1695
8.0,-32.0,0.36639,5.89899,0.11938,-0.07681,-0.07681,0.60338,0.49693,1695
8.0,-31.0,0.35009,5.88767,0.08685,-0.06119,-0.06119,0.64206,0.52327,1422
8.0,-31.0,0.45134,2.67939,0.07631,-0.02147,-0.02147,0.59071,0.47321,1422
8.0,-31.0,1.85711,5.58434,0.0045,0.00589,0.00589,0.01187,0.00211,1422
8.0,-31.0,2.51976,2.5095,0.05705,-0.04264,-0.04264,0.03186,0.00141,1422
8.0,-30.0,0.3561,4.22602,0.07778,-0.43878,-0.43878,6.1203,1.0,1390
8.0,-29.0,0.3732,4.40158,0.07058,-0.29256,-0.29256,4.75438,0.97655,1171
8.0,-29.0,0.28334,1.4791,0.21742,-0.09263,-0.09263,0.03988,0.02345,1171
8.0,-28.0,0.04929,0.79694,0.00184,0.03043,0.03043,2.56329,0.36788,1175
8.0,-28.0,0.39545,1.66835,0.04838,-0.0485,-0.0485,6.71355,0.63212,1175
8.0,-27.0,0.19693,0.46403,0.05293,0.07578,0.07578,2.44463,1.0,384
8.0,-3.0,0.59441,3.34809,0.15716,0.11791,0.11791,0.55154,0.68322,22
8.0,-3.0,0.22823,0.12782,0.01492,-0.0197,-0.0197,0.28062,0.31678,22
8.0,-2.0,0.70034,3.18115,0.18077,-0.15778,-0.15778,0.40837,0.27118,95
8.0,-2.0,0.2396,0.80064,0.06296,-0.04539,-0.04539,2.91984,0.72882,95
8.0,-1.0,0.43774,2.96698,0.23586,-0.05562,-0.05562,1.53308,0.62708,71
8.0,-1.0,0.53496,0.02628,0.41121,-0.14388,-0.14388,0.24492,0.37292,71
8.0,1.0,0.4716,3.027,0.00176,0.00381,0.00381,0.01012,1.0,6
8.0,2.0,0.62169,3.068,0.05201,-0.00452,-0.00452,0.07514,1.0,5
9.0,-35.0,0.07531,5.55025,0.00662,-0.02974,-0.02974,1.54615,0.85019,60
9.0,-35.0,0.99134,4.34053,0.86019,-0.23,-0.23,0.24876,0.14981,60
9.0,-34.0,0.05799,5.28679,0.00277,-0.04465,-0.04465,2.76601,0.51762,1181
9.0,-34.0,0.40996,5.21221,0.1047,-0.07756,-0.07756,3.25364,0.48068,1181
9.0,-34.0,2.74748,4.3425,0.01888,-0.01079,-0.01079,0.00616,0.00169,1181
9.0,-33.0,0.5032,5.82444,0.12754,-0.11135,-0.11135,0.57934,0.26432,2194
9.0,-33.0,0.04445,6.01743,0.00176,-0.00984,-0.00984,1.61488,0.31043,2194
9.0,-33.0,0.38255,2.83396,0.04821,0.00165,0.00165,1.23029,0.42525,2194
9.0,-32.0,0.3937,2.49384,0.05425,-0.01343,-0.01343,0.65478,0.4762,1865
9.0,-32.0,0.33466,5.7414,0.09073,-0.06802,-0.06802,0.71798,0.50613,1865
9.0,-32.0,1.10909,2.53099,0.35081,-0.01396,-0.01396,0.06992,0.01767,1865
9.0,-31.0,0.38156,2.49804,0.0639,-0.11713,-0.11713,2.06058,0.64089,1770
9.0,-31.0,0.29091,5.77267,0.11015,-0.19369,-0.19369,0.54729,0.35798,1770
9.0,-31.0,2.11714,5.5795,0.03525,-0.02976,-0.02976,0.02512,0.00113,1770
9.0,-30.0,0.3273,3.78171,0.07219,-0.57886,-0.57886,8.36685,1.0,1428
9.0,-29.0,0.04549,1.09455,0.00162,0.03875,0.03875,2.74892,0.24974,1126
9.0,-29.0,0.45067,4.86193,0.06024,-0.0591,-0.0591,3.10113,0.71528,1126
9.0,-29.0,0.7186,1.75255,0.23737,-0.51506,-0.51506,1.16556,0.0332,1126
9.0,-29.0,2.80633,5.437,0.00701,-0.0062,-0.0062,0.00548,0.00178,1126
9.0,-28.0,0.27414,6.04561,0.05888,-0.03626,-0.03626,0.16677,0.25896,767
9.0,-28.0,0.34479,4.51585,0.04651,-0.02095,-0.02095,0.1251,0.14869,767
9.0,-28.0,0.37984,3.11606,0.06899,0.14373,0.14373,2.56306,0.53204,767
9.0,-28.0,0.74201,1.42967,0.22334,-0.02829,-0.02829,0.05659,0.04271,767
9.0,-28.0,1.20754,5.7696,0.35788,-0.64206,-0.64206,1.3329,0.01498,767
9.0,-28.0,2.14964,2.026,0.12031,0.04024,0.04024,0.01346,0.00262,767
9.0,-27.0,0.49205,4.68247,0.05318,-0.01334,-0.01334,0.11835,0.29251,371
9.0,-27.0,0.39461,1.14918,0.03867,0.09693,0.09693,2.43054,0.28861,371
9.0,-27.0,0.08304,1.43146,0.00407,0.06726,0.06726,3.64561,0.34484,371
9.0,-27.0,1.57303,4.73765,0.21631,-0.16002,-0.16002,0.33478,0.02437,371
9.0,-27.0,1.37583,1.55059,0.55689,0.03929,0.03929,0.11227,0.04967,371
9.0,-26.0,0.58645,4.6255,0.04627,-0.00077,-0.00077,0.07781,0.50682,158
9.0,-26.0,0.28542,1.18014,0.07482,0.11778,0.11778,2.04375,0.49318,158
9.0,-25.0,0.58023,4.45089,0.0315,0.00105,0.00105,0.08276,0.5061,129
9.0,-25.0,0.48469,1.82024,0.08164,-0.05277,-0.05277,0.15732,0.18106,129
9.0,-25.0,0.1345,5.79145,0.01184,-0.04541,-0.04541,2.4147,0.31283,129
9.0,-24.0,0.62725,4.31039,0.18212,-0.16732,-0.16732,0.27582,0.29964,122
9.0,-24.0,0.21729,1.75627,0.02429,-0.00217,-0.00217,0.12244,0.24082,122
9.0,-24.0,0.13775,5.55266,0.01302,-0.06203,-0.06203,1.31877,0.36938,122
9.0,-24.0,0.07823,3.16033,0.00638,0.00414,0.00414,0.00269,0.07377,122
9.0,-24.0,1.95544,2.8585,0.01001,-0.00385,-0.00385,0.00148,0.01639,122
9.0,-23.0,0.30529,3.52158,0.02505,0.06359,0.06359,1.48076,0.40732,67
9.0,-23.0,0.0519,2.85348,0.00127,0.07203,0.07203,5.95033,0.51805,67
9.0,-23.0,2.07095,2.5664,0.01517,-0.01541,-0.01541,0.03347,0.07463,67
9.0,-3.0,0.07665,0.14428,0.01618,0.02966,0.02966,0.05454,0.40603,32
9.0,-3.0,0.66379,4.13455,0.30165,0.4041,0.4041,1.51327,0.59397,32
9.0,-2.0,0.13228,1.0708,0.01612,0.12287,0.12287,2.63919,0.74422,63
9.0,-2.0,0.88178,4.5149,0.23004,0.22481,0.22481,1.33108,0.25578,63
9.0,-1.0,0.35006,2.91928,0.11118,0.07112,0.07112,0.86743,0.6848,22
9.0,-1.0,0.86632,0.20326,0.33809,0.14916,0.14916,0.16704,0.3152,22
9.0,1.0,0.62552,3.14667,0.06414,-0.00307,-0.00307,0.00132,1.0,7
10.0,-34.0,0.55184,2.75666,0.06715,0.03311,0.03311,0.09157,0.16924,824
10.0,-34.0,0.24186,3.96449,0.03606,0.09283,0.09283,4.43625,0.52074,824
10.0,-34.0,0.45096,6.04381,0.20239,-0.07954,-0.07954,0.09005,0.31003,824
10.0,-33.0,0.36791,2.52982,0.05599,0.00059,0.00059,0.60287,0.46139,1858
10.0,-33.0,0.36653,5.78297,0.11505,-0.05131,-0.05131,0.51289,0.53861,1858
10.0,-32.0,0.36857,2.19177,0.0525,-0.004,-0.004,0.36038,0.42682,1627
10.0,-32.0,0.32334,5.53221,0.0802,-0.04183,-0.04183,0.90136,0.57318,1627
10.0,-31.0,0.27895,3.38902,0.05749,-0.53717,-0.53717,9.03774,1.0,1560
10.0,-30.0,0.37199,1.54933,0.05301,-0.05446,-0.05446,1.83247,0.41815,1211
10.0,-30.0,0.44923,4.85902,0.04359,-0.00959,-0.00959,0.63385,0.2333,1211
10.0,-30.0,0.04101,6.0226,0.00168,-0.01142,-0.01142,1.58704,0.34689,1211
10.0,-30.0,2.1265,0.823,0.00422,-0.02267,-0.02267,0.1218,0.00166,1211
10.0,-29.0,0.41603,5.43541,0.05475,0.05549,0.05549,3.41499,0.67488,887
10.0,-29.0,0.05107,0.36568,0.00154,0.01101,0.01101,2.58972,0.32512,887
10.0,-28.0,0.45796,4.44256,0.07061,0.06493,0.06493,1.04745,0.38534,704
10.0,-28.0,0.07952,0.79476,0.00336,0.03359,0.03359,3.68857,0.40821,704
10.0,-28.0,0.4416,0.75185,0.06379,0.07629,0.07629,0.65576,0.20645,704
10.0,-27.0,0.51096,4.84259,0.05053,0.00313,0.00313,0.10136,0.30116,280
10.0,-27.0,0.10198,5.09714,0.00541,-0.06244,-0.06244,4.02725,0.41121,280
10.0,-27.0,1.89836,3.24822,0.14151,-0.22972,-0.22972,2.30494,0.03701,280
10.0,-27.0,0.48348,1.16268,0.0582,0.0356,0.0356,0.83545,0.25062,280
10.0,-26.0,0.61431,4.65737,0.03358,-0.00439,-0.00439,0.0976,0.54718,129
10.0,-26.0,0.62109,1.40239,0.0495,0.01836,0.01836,0.12015,0.12475,129
10.0,-26.0,0.38084,1.18059,0.01575,0.04795,0.04795,0.90494,0.08748,129
10.0,-26.0,0.13397,2.25083,0.00742,0.14946,0.14946,4.27942,0.2406,129
10.0,-25.0,0.59088,4.52437,0.02851,-0.01985,-0.01985,0.14235,0.4458,145
10.0,-25.0,0.11415,5.90625,0.00864,-0.04026,-0.04026,2.78961,0.38936,145
10.0,-25.0,0.45532,1.68673,0.07388,-0.05247,-0.05247,0.19519,0.16484,145
10.0,-24.0,0.40803,4.48952,0.05765,-0.03351,-0.03351,0.18885,0.38024,187
10.0,-24.0,0.17689,1.75231,0.01656,-0.04276,-0.04276,1.36727,0.42684,187
10.0,-24.0,0.04949,5.90889,0.00312,-0.02304,-0.02304,0.21367,0.15528,187
10.0,-24.0,1.90626,2.864,0.01904,-0.00636,-0.00636,0.0655,0.03763,187
10.0,-23.0,0.37906,4.52719,0.05509,0.00263,0.00263,0.24349,0.18876,227
10.0,-23.0,0.09629,3.26546,0.00589,0.01572,0.01572,0.04192,0.06666,227
10.0,-23.0,0.14074,0.63147,0.01573,0.04788,0.04788,2.53716,0.71791,227
10.0,-23.0,2.03502,2.6215,0.0191,-0.02274,-0.02274,0.04307,0.02667,227
10.0,-22.0,0.01414,6.12618,0.0008,-0.00888,-0.00888,0.09863,0.16446,155
10.0,-22.0,0.11399,3.3774,0.00317,0.11228,0.11228,6.69176,0.58299,155
10.0,-22.0,0.34169,3.41031,0.03096,-0.12043,-0.12043,2.80876,0.25255,155
10.0,-21.0,0.1309,3.3735,0.00036,-0.00442,-0.00442,0.05359,1.0,16
10.0,-3.0,0.02432,0.04954,0.00325,0.00663,0.00663,0.0135,0.54166,27
10.0,-3.0,0.1777,2.57103,0.01842,-0.02813,-0.02813,2.23976,0.45834,27
10.0,-2.0,0.06358,0.12055,0.0141,0.02579,0.02579,0.04738,0.42214,26
10.0,-2.0,0.72877,3.78559,0.33288,0.46869,0.46869,1.71221,0.57786,26
10.0,-1.0,0.57131,2.85286,0.09718,0.0182,0.0182,0.04223,1.0,8
10.0,1.0,0.67241,3.157,0.00036,-0.00031,-0.00031,0.03657,1.0,7
11.0,-34.0,0.49603,5.76121,0.11077,-0.02585,-0.02585,0.27862,0.65164,409
11.0,-34.0,0.40011,2.65569,0.07102,0.01425,0.01425,0.44636,0.33849,409
11.0,-34.0,2.20051,5.5695,0.00903,0.02129,0.02129,0.05084,0.00988,409
11.0,-33.0,0.37827,2.38095,0.0528,0.00498,0.00498,0.36426,0.39625,843
11.0,-33.0,0.42211,5.67336,0.12214,-0.03506,-0.03506,0.45376,0.60375,843
11.0,-32.0,0.40561,1.83062,0.03341,-0.00047,-0.00047,0.17169,0.24836,506
11.0,-32.0,0.41321,5.21066,0.0478,0.02096,0.02096,0.45464,0.38546,506
11.0,-32.0,0.06388,1.07658,0.00295,0.04627,0.04627,2.36355,0.36618,506
11.0,-31.0,0.28783,1.55253,0.03413,-0.01876,-0.01876,0.21753,0.24417,518
11.0,-31.0,0.32161,5.21525,0.02929,-0.00219,-0.00219,1.12639,0.36066,518
11.0,-31.0,0.0452,5.66474,0.00173,-0.02582,-0.02582,1.88761,0.39517,518
11.0,-30.0,0.02477,0.45203,0.00111,0.0187,0.0187,0.47514,0.2355,436
11.0,-30.0,0.31939,5.42194,0.04842,0.09666,0.09666,3.71889,0.7645,436
11.0,-29.0,0.53944,0.87367,0.04518,-0.02834,-0.02834,0.17401,0.1112,496
11.0,-29.0,0.32785,5.24399,0.03077,-0.01567,-0.01567,3.62967,0.50399,496
11.0,-29.0,0.05311,0.18328,0.00166,0.00453,0.00453,2.85335,0.3848,496
11.0,-28.0,0.353,0.5272,0.0394,0.00204,0.00204,2.3834,0.58353,311
11.0,-28.0,0.0757,4.30898,0.00304,-0.06407,-0.06407,4.39033,0.41647,311
11.0,-26.0,0.05722,0.4716,0.00422,0.02156,0.02156,0.32524,0.60009,15
11.0,-26.0,0.20887,4.00857,0.01722,0.00599,0.00599,0.31079,0.39991,15
11.0,-25.0,0.01916,0.12304,0.00082,0.00634,0.00634,0.08145,0.34395,40
11.0,-25.0,0.20776,3.81104,0.02391,0.07281,0.07281,2.14344,0.65605,40
11.0,-24.0,0.42064,4.2946,0.07251,-0.03791,-0.03791,0.08578,0.32943,42
11.0,-24.0,0.1407,5.79379,0.01363,-0.04804,-0.04804,0.1942,0.19231,42
11.0,-24.0,0.29574,1.14162,0.0393,-0.17566,-0.17566,1.20225,0.24016,42
11.0,-24.0,1.93502,5.98348,0.07677,-0.11463,-0.11463,0.28312,0.16667,42
11.0,-24.0,0.20994,2.08967,0.00176,-0.00411,-0.00411,0.00961,0.07143,42
11.0,-23.0,0.15985,6.10858,0.01541,-0.0006,-0.0006,3.2349,0.81855,101
11.0,-23.0,0.57858,4.58094,0.1403,0.32884,0.32884,1.14698,0.18145,101
11.0,-22.0,0.07571,0.35906,0.00413,0.01842,0.01842,0.59982,0.3607,122
11.0,-22.0,0.4207,1.10972,0.04922,-0.01965,-0.01965,0.28051,0.09868,122
11.0,-22.0,0.17499,3.80998,0.01261,0.02077,0.02077,1.15853,0.54062,122
11.0,-21.0,0.0392,6.22177,0.00368,-0.0073,-0.0073,0.01602,0.17943,54
11.0,-21.0,0.21208,3.67271,0.00725,-0.03049,-0.03049,2.13133,0.34019,54
11.0,-21.0,0.08599,1.21564,0.0009,-0.05302,-0.05302,5.25229,0.48037,54
11.0,-2.0,0.23423,2.1113,0.03463,0.01887,0.01887,0.45841,1.0,17
11.0,-1.0,0.33247,2.60833,0.07321,0.0442,0.0442,0.23978,1.0,8
12.0,-35.0,0.39284,6.06942,0.05318,-0.03047,-0.03047,0.02018,0.53333,15
12.0,-35.0,0.40239,3.14229,0.0913,-0.04314,-0.04314,0.12398,0.46667,15
12.0,-34.0,0.54995,6.05851,0.15057,-0.04047,-0.04047,0.05512,0.61236,84
12.0,-34.0,0.51334,3.23381,0.19822,-0.0097,-0.0097,0.83966,0.38764,84
12.0,-33.0,0.76497,5.90956,0.03481,0.00084,0.00084,0.00451,1.0,13
12.0,-30.0,0.37166,4.6965,0.05468,0.00075,0.00075,0.44115,1.0,13
12.0,-29.0,0.27416,5.73785,0.05009,-0.06214,-0.06214,1.07179,0.73773,62
12.0,-29.0,0.30452,1.47041,0.06812,-0.1487,-0.1487,0.69522,0.26227,62
12.0,-28.0,0.03851,6.11528,0.00317,-0.01553,-0.01553,0.10605,0.44575,40
12.0,-28.0,0.30409,1.26725,0.03798,-0.16789,-0.16789,1.55969,0.55425,40
12.0,-25.0,0.19827,4.41237,0.01801,0.03289,0.03289,1.91052,0.7,23
12.0,-25.0,0.02357,0.26167,0.00111,0.01233,0.01233,0.13694,0.3,23
12.0,-24.0,0.20696,5.53436,0.01573,0.00448,0.00448,2.14376,0.5601,31
12.0,-24.0,0.0707,6.02148,0.01,-0.03701,-0.03701,0.137,0.23999,31
12.0,-24.0,0.11447,2.65602,0.0034,-0.02563,-0.02563,0.1934,0.19991,31
12.0,-23.0,0.12661,4.088,0.00022,-0.00238,-0.00238,0.02592,1.0,10
12.0,-22.0,0.11548,3.19536,0.00383,0.02731,0.02731,2.26554,1.0,22
12.0,-21.0,0.05833,0.587,0.00118,0.0213,0.0213,2.69278,1.0,6
12.0,-2.0,0.04236,0.56099,0.00171,0.03739,0.03739,2.18713,1.0,6
13.0,-35.0,0.44716,6.19308,0.10574,-0.02333,-0.02333,0.0136,0.42323,53
13.0,-35.0,0.31085,3.18037,0.10016,0.02795,0.02795,1.43144,0.57677,53
13.0,-34.0,0.52511,6.22489,0.12677,0.0035,0.0035,0.04503,0.37431,114
13.0,-34.0,0.59612,3.08343,0.08831,0.0092,0.0092,0.25615,0.2856,114
13.0,-34.0,0.09322,4.56261,0.00187,0.08152,0.08152,6.45907,0.34009,114
13.0,-33.0,0.36624,2.682,0.00212,0.00991,0.00991,0.04623,0.33333,13
13.0,-33.0,0.51429,0.2315,0.22426,0.10175,0.10175,0.05424,0.66667,13
14.0,-35.0,0.18693,5.71144,0.03666,-0.01412,-0.01412,1.81945,0.88325,183
14.0,-35.0,0.41011,2.72608,0.12463,0.10311,0.10311,0.12547,0.11675,183
14.0,-34.0,0.21639,6.00885,0.05518,0.02516,0.02516,0.73431,0.64257,283
14.0,-34.0,0.35579,2.88055,0.1222,0.12685,0.12685,0.64933,0.35743,283
14.0,-33.0,0.37361,0.09966,0.21228,0.0406,0.0406,0.02974,0.29926,68
14.0,-33.0,0.29913,2.35408,0.10637,0.04152,0.04152,2.94907,0.70074,68
14.0,-23.0,0.29181,3.44311,0.08257,0.6187,0.6187,4.95252,0.6875,17
14.0,-23.0,0.04472,0.1856,0.003,0.01245,0.01245,0.05167,0.3125,17
14.0,-22.0,0.12598,0.97215,0.01663,0.15197,0.15197,2.33687,0.83487,32
14.0,-22.0,0.15413,3.20567,0.02587,0.02039,0.02039,0.01638,0.16513,32
14.0,-1.0,0.60243,3.12956,0.09624,0.03322,0.03322,0.21822,1.0,29
14.0,0.0,0.8072,3.32783,0.03135,0.02024,0.02024,0.04413,1.0,7
15.0,-35.0,0.07452,5.37119,0.00335,-0.03785,-0.03785,2.08322,0.52772,220
15.0,-35.0,0.3504,6.09881,0.04513,-0.01416,-0.01416,0.64325,0.31585,220
15.0,-35.0,0.48388,2.89144,0.10538,0.16605,0.16605,0.60863,0.15643,220
15.0,-34.0,0.37108,0.00255,0.11829,-0.00021,-0.00021,0.06246,0.25322,307
15.0,-34.0,0.07826,5.20182,0.00229,-0.02793,-0.02793,3.02156,0.39964,307
15.0,-34.0,0.58285,3.08527,0.10281,-0.03299,-0.03299,0.0869,0.08292,307
15.0,-34.0,0.28682,0.54015,0.01894,-0.02131,-0.02131,4.13006,0.26423,307
15.0,-33.0,0.13731,0.3527,0.02547,0.03571,0.03571,1.54182,0.82963,60
15.0,-33.0,0.51118,3.07063,0.20617,-0.07304,-0.07304,0.07947,0.17037,60
15.0,-27.0,0.14285,0.83331,0.02351,0.09958,0.09958,2.47292,0.88222,42
15.0,-27.0,0.54521,4.74754,0.0247,-0.03117,-0.03117,0.04123,0.11778,42
15.0,-26.0,0.32866,1.51173,0.03866,-0.03168,-0.03168,0.14028,0.44736,111
15.0,-26.0,0.1736,5.21599,0.04286,-0.10154,-0.10154,1.18866,0.55264,111
15.0,-25.0,0.34123,1.61754,0.03742,-0.02284,-0.02284,0.14595,0.44521,128
15.0,-25.0,0.01537,0.17065,0.00085,0.00944,0.00944,0.10484,0.1811,128
15.0,-25.0,0.30151,4.35112,0.06482,-0.05412,-0.05412,1.31661,0.37369,128
15.0,-24.0,0.34998,1.29803,0.08239,0.24995,0.24995,1.11944,0.444,155
15.0,-24.0,0.2317,2.82101,0.03571,0.17649,0.17649,2.73218,0.556,155
15.0,-23.0,0.55477,4.87602,0.03463,-0.01446,-0.01446,0.03584,0.1983,223
15.0,-23.0,0.45997,1.64905,0.01438,0.0056,0.0056,0.1407,0.25133,223
15.0,-23.0,0.09778,0.25391,0.00446,0.01163,0.01163,3.53143,0.3852,223
15.0,-23.0,0.42426,3.39811,0.0538,-0.28049,-0.28049,4.29272,0.16517,223
15.0,-22.0,0.5566,1.62797,0.03554,-0.03562,-0.03562,0.06082,0.19609,230
15.0,-22.0,0.55632,4.75021,0.04066,-0.02358,-0.02358,0.09733,0.20816,230
15.0,-22.0,0.07962,6.15847,0.00243,-0.00324,-0.00324,3.65128,0.32002,230
15.0,-22.0,0.34408,1.09552,0.02524,0.04938,0.04938,2.27981,0.27573,230
15.0,-21.0,0.57013,1.55973,0.01804,-0.00438,-0.00438,0.03854,0.32975,147
15.0,-21.0,0.58901,4.56689,0.04449,-0.00184,-0.00184,0.03341,0.19228,147
15.0,-21.0,0.18322,1.99339,0.01678,-0.18383,-0.18383,3.81482,0.39392,147
15.0,-21.0,0.21484,0.95936,0.05848,0.26245,0.26245,1.17813,0.08404,147
15.0,-20.0,0.55194,1.60441,0.04125,-0.00937,-0.00937,0.03612,0.33425,131
15.0,-20.0,0.45059,4.63891,0.07841,-0.01039,-0.01039,0.02678,0.18352,131
15.0,-20.0,0.12268,1.22674,0.00973,0.06576,0.06576,2.9249,0.48223,131
15.0,-19.0,0.38622,4.66476,0.0512,-0.00529,-0.00529,0.02965,0.25108,132
15.0,-19.0,0.5358,1.5803,0.05431,-0.01929,-0.01929,0.03562,0.30207,132
15.0,-19.0,0.08819,2.75995,0.00675,0.20535,0.20535,8.54984,0.44685,132
15.0,-18.0,0.42971,1.19142,0.10525,0.15094,0.15094,0.52871,0.72476,73
15.0,-18.0,0.56151,4.62628,0.0454,0.02058,0.02058,0.04358,0.27524,73
15.0,-17.0,0.52961,1.62999,0.04791,0.01214,0.01214,0.09603,0.54384,68
15.0,-17.0,0.41778,4.76295,0.07083,0.03735,0.03735,0.34472,0.33852,68
15.0,-17.0,0.00884,0.09812,0.00055,0.00607,0.00607,0.0674,0.11765,68
15.0,-16.0,0.54137,1.82164,0.03124,0.0084,0.0084,0.14854,1.0,13
15.0,-10.0,0.23689,0.23938,0.01103,0.03992,0.03992,1.99278,1.0,7
15.0,-5.0,0.80434,2.28354,0.79773,0.56297,0.56297,1.60854,1.0,8
15.0,-4.0,0.8606,4.38614,0.76166,-0.48018,-0.48018,0.35936,0.32167,33
15.0,-4.0,0.35427,2.33573,0.05295,0.05093,0.05093,0.98971,0.67833,33
15.0,-3.0,0.4297,1.47666,0.06137,-0.01029,-0.01029,0.00783,0.14938,42
15.0,-3.0,0.22721,4.91545,0.06598,-0.12344,-0.12344,2.37969,0.85062,42
15.0,-2.0,0.2645,2.87058,0.08959,0.72481,0.72481,8.85665,0.98919,185
15.0,-2.0,2.3547,3.505,0.02665,-0.03983,-0.03983,0.05954,0.01081,185
15.0,-1.0,0.067,1.23412,0.00294,0.05111,0.05111,3.52238,0.45991,432
15.0,-1.0,0.55891,3.4628,0.14868,-0.01585,-0.01585,2.47872,0.54009,432
15.0,0.0,0.06656,4.93811,0.00279,-0.06399,-0.06399,3.90482,0.45886,257
15.0,0.0,0.60502,3.33945,0.08917,-0.00567,-0.00567,0.22151,0.33761,257
15.0,0.0,0.51391,1.12191,0.074,-0.04778,-0.04778,0.73337,0.20354,257
15.0,1.0,0.30684,1.94331,0.04772,0.02457,0.02457,0.91466,1.0,8
15.0,2.0,0.08755,0.84869,0.00733,0.05206,0.05206,2.04208,0.81911,29
15.0,2.0,0.83467,3.53053,0.20618,-0.10296,-0.10296,0.40492,0.18089,29
15.0,3.0,0.06104,0.57733,0.01336,0.07762,0.07762,0.67527,1.0,7
16.0,-36.0,0.18722,4.22039,0.03386,0.01697,0.01697,1.07516,0.67831,18
16.0,-36.0,0.09359,0.31246,0.01,0.02519,0.02519,0.12273,0.32169,18
16.0,-35.0,0.30992,0.00831,0.0486,0.0004,0.0004,0.09931,0.42416,124
16.0,-35.0,0.56432,3.21698,0.15605,0.19273,0.19273,1.76108,0.20628,124
16.0,-35.0,0.07355,5.39958,0.00223,-0.01961,-0.01961,3.0009,0.36957,124
16.0,-34.0,0.40843,0.04015,0.20098,0.03018,0.03018,0.04642,0.21673,148
16.0,-34.0,0.38912,6.16685,0.01453,0.03206,0.03206,0.49526,0.21998,148
16.0,-34.0,0.72217,2.97248,0.16929,-0.00202,-0.00202,0.09366,0.11792,148
16.0,-34.0,0.10296,3.96051,0.0052,-0.10058,-0.10058,5.4037,0.44537,148
16.0,-33.0,0.50015,0.05336,0.02485,0.03358,0.03358,0.07963,1.0,7
16.0,-27.0,0.20646,0.85785,0.0485,0.16833,0.16833,1.92981,0.91983,61
16.0,-27.0,0.4353,4.82113,0.00466,0.00327,0.00327,0.0047,0.08017,61
16.0,-26.0,0.38124,1.43901,0.04095,-0.02356,-0.02356,0.08631,0.32932,195
16.0,-26.0,0.15798,5.67736,0.03759,-0.08546,-0.08546,2.14612,0.67068,195
16.0,-25.0,0.32649,1.5466,0.03861,-0.02325,-0.02325,0.18635,0.42195,313
16.0,-25.0,0.28427,5.09756,0.05079,-0.14362,-0.14362,1.44366,0.32742,313
16.0,-25.0,0.02363,5.2514,0.00098,-0.04239,-0.04239,2.05453,0.25063,313
16.0,-24.0,0.01537,0.17065,0.00085,0.00944,0.00944,0.10484,0.1725,404
16.0,-24.0,0.31409,1.66379,0.03334,-0.00816,-0.00816,0.10589,0.21061,404
16.0,-24.0,0.28738,4.78303,0.05546,0.08641,0.08641,3.83075,0.61689,404
16.0,-23.0,0.43544,1.90018,0.02398,-0.01668,-0.01668,0.51713,0.29587,371
16.0,-23.0,0.45011,5.2911,0.05724,-0.03116,-0.03116,0.37808,0.24674,371
16.0,-23.0,0.08792,3.96111,0.00451,-0.12081,-0.12081,6.15611,0.4574,371
16.0,-22.0,0.55779,1.62249,0.01735,-0.00682,-0.00682,0.04708,0.16629,331
16.0,-22.0,0.0605,5.18724,0.00213,-0.04388,-0.04388,3.03062,0.35168,331
16.0,-22.0,0.5733,4.78043,0.05273,-0.00231,-0.00231,0.08692,0.13804,331
16.0,-22.0,0.29605,0.97458,0.02571,0.0664,0.0664,3.76142,0.34399,331
16.0,-21.0,0.27902,1.00146,0.06925,0.12523,0.12523,0.67321,0.66922,256
16.0,-21.0,0.3102,4.3566,0.08269,0.04483,0.04483,0.30928,0.33078,256
16.0,-20.0,0.49493,1.55587,0.05046,-0.00621,-0.00621,0.03858,0.33597,214
16.0,-20.0,0.47821,4.63568,0.06304,-0.00779,-0.00779,0.03321,0.15211,214
16.0,-20.0,0.10003,4.17008,0.00823,-0.17863,-0.17863,6.24361,0.51192,214
16.0,-19.0,0.54655,1.56148,0.05334,-0.01115,-0.01115,0.02489,0.22517,220
16.0,-19.0,0.43078,4.65898,0.04999,-0.00119,-0.00119,0.02886,0.15153,220
16.0,-19.0,0.09481,0.51767,0.00874,0.0288,0.0288,2.48053,0.6233,220
16.0,-18.0,0.56215,1.55558,0.05739,-0.0088,-0.0088,0.01995,0.27047,153
16.0,-18.0,0.58596,4.67609,0.03518,0.00586,0.00586,0.0353,0.16871,153
16.0,-18.0,0.08758,4.3308,0.01007,-0.22053,-0.22053,6.52335,0.56082,153
16.0,-17.0,0.54229,1.56894,0.05504,0.0034,0.0034,0.10512,0.52324,84
16.0,-17.0,0.10663,6.21959,0.03591,0.00205,0.00205,0.10008,0.19273,84
16.0,-17.0,0.42107,4.58676,0.07351,0.02698,0.02698,0.07531,0.28402,84
16.0,-16.0,0.54964,1.54394,0.04387,0.01621,0.01621,0.0278,0.36951,42
16.0,-16.0,0.22559,5.41079,0.05095,-0.04317,-0.04317,1.36063,0.63049,42
16.0,-12.0,0.6546,1.5415,0.00276,-0.00591,-0.00591,0.01266,0.28571,12
16.0,-12.0,0.36325,4.288,0.02805,0.05753,0.05753,0.12349,0.71429,12
16.0,-11.0,0.28115,4.93774,0.02482,0.0165,0.0165,0.19973,0.64706,26
16.0,-11.0,0.18861,1.69083,0.02234,-0.04103,-0.04103,0.24105,0.35294,26
16.0,-10.0,0.20617,5.45038,0.04131,-0.06883,-0.06883,0.46331,0.6841,55
16.0,-10.0,0.24942,1.94894,0.02939,-0.02629,-0.02629,0.44924,0.3159,55
16.0,-9.0,0.27747,1.37279,0.10242,0.10785,0.10785,2.09518,0.81737,34
16.0,-9.0,0.45087,4.83415,0.07158,0.03668,0.03668,0.04186,0.18263,34
16.0,-8.0,0.648,1.47862,0.09135,0.03201,0.03201,0.08276,1.0,18
16.0,-7.0,0.59343,1.52495,0.05974,-0.00307,-0.00307,0.07908,0.67742,32
16.0,-7.0,0.5788,4.6325,0.10499,0.02746,0.02746,0.13189,0.32258,32
16.0,-6.0,0.49881,1.43322,0.05516,-0.02041,-0.02041,0.24406,0.53732,98
16.0,-6.0,0.50972,4.44365,0.07974,0.04573,0.04573,0.47273,0.38965,98
16.0,-6.0,0.0861,0.06177,0.00871,0.00876,0.00876,0.00999,0.07303,98
16.0,-5.0,0.40405,1.20299,0.13816,0.17891,0.17891,1.08057,0.66517,174
16.0,-5.0,0.54996,4.66576,0.14063,0.00431,0.00431,0.04825,0.22756,174
16.0,-5.0,0.25138,3.51181,0.03488,0.03753,0.03753,0.09605,0.09571,174
16.0,-5.0,1.99719,3.78,0.00751,-0.00954,-0.00954,0.0121,0.01156,174
16.0,-4.0,0.51016,4.68633,0.09471,-0.00317,-0.00317,0.02138,0.17758,228
16.0,-4.0,0.35013,0.7197,0.09811,0.18163,0.18163,0.54204,0.3236,228
16.0,-4.0,0.33763,3.21793,0.04879,0.00819,0.00819,2.15974,0.49882,228
16.0,-3.0,0.43637,1.5597,0.04592,0.06565,0.06565,1.18751,0.34243,389
16.0,-3.0,0.47816,4.48128,0.07119,-0.00072,-0.00072,0.16976,0.22122,389
16.0,-3.0,0.07258,1.90999,0.00341,0.08359,0.08359,4.28631,0.43635,389
16.0,-2.0,0.42228,3.13554,0.05306,-0.09774,-0.09774,4.25393,0.50253,694
16.0,-2.0,0.06927,5.8725,0.00315,-0.02126,-0.02126,2.6589,0.47355,694
16.0,-2.0,1.32396,4.12267,0.47525,-0.30066,-0.30066,0.48095,0.02392,694
16.0,-1.0,0.05297,0.6734,0.00185,0.02204,0.02204,2.60438,0.39412,926
16.0,-1.0,0.60608,2.80242,0.07072,0.03322,0.03322,0.48698,0.15188,926
16.0,-1.0,0.35228,5.029,0.03545,0.05323,0.05323,5.18748,0.39709,926
16.0,-1.0,1.06823,5.65128,0.3661,-0.58133,-0.58133,2.60752,0.05692,926
16.0,0.0,0.61372,3.12116,0.09585,0.0144,0.0144,0.02682,0.06521,685
16.0,0.0,0.41067,3.08547,0.05659,-0.19722,-0.19722,4.17331,0.54795,685
16.0,0.0,0.05357,0.93574,0.00225,0.03968,0.03968,2.52861,0.38684,685
16.0,1.0,0.24557,0.89126,0.06646,0.20859,0.20859,3.59207,1.0,363
16.0,2.0,0.04574,4.67756,0.00165,-0.0528,-0.0528,3.40916,0.54302,300
16.0,2.0,0.35322,1.06981,0.07475,0.21403,0.21403,2.94252,0.45698,300
16.0,3.0,0.05628,2.20229,0.0016,0.06186,0.06186,5.05735,0.64271,156
16.0,3.0,0.33155,0.87982,0.06696,0.16488,0.16488,2.75453,0.35729,156
17.0,-35.0,0.28723,6.26652,0.051,-0.00078,-0.00078,0.04734,0.38789,123
17.0,-35.0,0.72472,2.701,0.24243,-0.24662,-0.24662,1.12302,0.09354,123
17.0,-35.0,0.10295,2.42298,0.00321,-0.0876,-0.0876,5.48226,0.51857,123
17.0,-34.0,0.35582,0.00052,0.04145,0.00911,0.00911,0.06794,0.40181,108
17.0,-34.0,0.79137,3.05959,0.23556,-0.40771,-0.40771,1.22785,0.09875,108
17.0,-34.0,0.11585,1.94938,0.00383,-0.07553,-0.07553,4.14302,0.49944,108
17.0,-33.0,0.41045,6.05226,0.02486,0.05118,0.05118,0.22705,1.0,8
17.0,-26.0,0.28195,1.35858,0.04294,-0.01811,-0.01811,0.04866,0.32337,33
17.0,-26.0,0.08767,5.73035,0.01001,-0.03484,-0.03484,0.76418,0.67663,33
17.0,-25.0,0.20923,0.5889,0.04514,0.0735,0.0735,0.87955,0.75893,91
17.0,-25.0,0.39427,4.35537,0.21045,0.25579,0.25579,0.7018,0.24107,91
17.0,-24.0,0.3325,0.7106,0.03233,-0.00483,-0.00483,2.11674,0.49472,262
17.0,-24.0,1.56372,5.62067,0.00812,-0.02142,-0.02142,0.06048,0.01145,262
17.0,-24.0,0.05962,5.71418,0.0022,-0.01885,-0.01885,2.48922,0.49383,262
17.0,-23.0,0.01663,0.18467,0.0009,0.00999,0.00999,0.11086,0.1818,189
17.0,-23.0,0.09362,2.84276,0.00182,-0.03625,-0.03625,4.70622,0.38962,189
17.0,-23.0,0.34267,0.52621,0.03541,-0.03233,-0.03233,2.46934,0.42858,189
17.0,-22.0,0.18529,0.41654,0.03163,0.03685,0.03685,2.91415,0.91478,87
17.0,-22.0,0.8561,5.17932,0.09366,-0.02653,-0.02653,0.39125,0.08522,87
17.0,-21.0,0.13934,0.691,0.03114,0.05859,0.05859,0.90282,0.68467,91
17.0,-21.0,0.20236,4.38086,0.04784,0.00641,0.00641,0.15388,0.31533,91
17.0,-20.0,0.37817,0.66368,0.08347,0.15857,0.15857,0.53773,0.16279,45
17.0,-20.0,0.05912,5.35248,0.00204,-0.04014,-0.04014,3.01759,0.83721,45
17.0,-19.0,0.02341,0.01657,0.01206,0.00853,0.00853,0.00604,0.45098,51
17.0,-19.0,0.10802,1.52188,0.00476,0.09078,0.09078,4.17939,0.54902,51
17.0,-16.0,0.4874,4.803,0.0012,0.00696,0.00696,0.0404,1.0,8
17.0,-15.0,0.51563,4.5,0.00225,-0.00447,-0.00447,0.01198,1.0,7
17.0,-14.0,0.51415,4.7402,0.01615,-0.03316,-0.03316,0.10394,1.0,5
17.0,-13.0,0.28492,4.56074,0.03205,-0.00894,-0.00894,0.26674,0.48713,45
17.0,-13.0,0.16227,1.36322,0.01831,0.02122,0.02122,0.54266,0.35732,45
17.0,-13.0,0.0404,6.05886,0.00408,-0.02266,-0.02266,0.12582,0.15555,45
17.0,-12.0,0.34934,4.44393,0.02608,0.0176,0.0176,0.25428,0.40598,63
17.0,-12.0,0.62666,1.4033,0.01282,-0.00373,-0.00373,0.03636,0.12725,63
17.0,-12.0,0.10194,0.71727,0.00622,0.0434,0.0434,1.68429,0.46678,63
17.0,-11.0,0.32314,5.0156,0.03242,-0.01935,-0.01935,0.47432,0.26443,147
17.0,-11.0,0.46966,1.62394,0.03607,-0.07761,-0.07761,3.13082,0.26267,147
17.0,-11.0,0.09691,1.03865,0.0049,0.05483,0.05483,3.10812,0.4729,147
17.0,-10.0,0.23432,5.3886,0.04448,-0.05876,-0.05876,0.60088,0.61663,100
17.0,-10.0,0.25447,2.03487,0.03591,0.03002,0.03002,0.60808,0.38337,100
17.0,-9.0,0.72953,1.57289,0.54807,0.00544,0.00544,0.00064,0.142,51
17.0,-9.0,0.24948,5.98179,0.05823,-0.0845,-0.0845,4.22002,0.858,51
17.0,-8.0,0.54458,1.57511,0.11232,0.00696,0.00696,0.05485,1.0,28
17.0,-7.0,0.593,1.5268,0.06273,-0.00321,-0.00321,0.08296,0.66667,31
17.0,-7.0,0.61391,4.6856,0.11786,0.03342,0.03342,0.12047,0.33333,31
17.0,-6.0,0.38361,1.01394,0.09251,0.06998,0.06998,0.68936,0.59629,176
17.0,-6.0,0.46598,4.42975,0.10334,0.00961,0.00961,0.33944,0.40371,176
17.0,-5.0,0.31378,0.93454,0.06686,0.03371,0.03371,0.98544,0.6569,401
17.0,-5.0,0.46119,4.30802,0.1265,0.02084,0.02084,0.43887,0.33553,401
17.0,-5.0,2.34996,4.21368,0.10889,0.07109,0.07109,0.05253,0.00757,401
17.0,-4.0,0.36115,0.63239,0.07579,0.10383,0.10383,0.71817,0.46773,562
17.0,-4.0,0.36123,4.53251,0.07066,0.01397,0.01397,0.13866,0.21246,562
17.0,-4.0,0.3297,2.67447,0.0645,0.12772,0.12772,0.79476,0.2937,562
17.0,-4.0,2.09351,2.94797,0.15983,0.12506,0.12506,1.33771,0.02611,562
17.0,-3.0,0.2789,0.96866,0.06291,0.11231,0.11231,1.41052,0.63663,878
17.0,-3.0,0.34498,4.24167,0.07316,0.08095,0.08095,0.6549,0.35875,878
17.0,-3.0,2.14393,3.82608,0.15009,-0.03308,-0.03308,0.00758,0.00461,878
17.0,-2.0,0.28632,3.14955,0.0652,0.00798,0.00798,6.60644,0.99831,1189
17.0,-2.0,1.83975,5.7055,0.00659,-0.02586,-0.02586,0.10144,0.00169,1189
17.0,-1.0,0.04461,1.27862,0.00177,0.05025,0.05025,3.05604,0.31823,1301
17.0,-1.0,1.52021,3.32288,0.42655,0.23934,0.23934,0.14547,0.00552,1301
17.0,-1.0,0.40822,4.19491,0.0664,-0.01536,-0.01536,6.68874,0.67626,1301
17.0,0.0,0.02916,0.24166,0.00129,0.00892,0.00892,0.61297,0.22149,1044
17.0,0.0,0.36143,2.94588,0.06156,-0.07036,-0.07036,3.33343,0.77658,1044
17.0,0.0,2.19741,0.322,0.00762,0.00725,0.00725,0.00689,0.00193,1044
17.0,1.0,0.22591,1.01296,0.04244,0.16717,0.16717,3.71531,0.91043,681
17.0,1.0,0.85844,2.94235,0.2777,-0.23842,-0.23842,2.44511,0.08957,681
17.0,2.0,0.0529,3.42382,0.00212,-0.11718,-0.11718,8.43345,0.48736,444
17.0,2.0,0.35564,1.031,0.05633,0.13309,0.13309,3.57453,0.51264,444
17.0,3.0,0.37484,1.16891,0.05742,0.06017,0.06017,2.57739,0.28671,210
17.0,3.0,0.07036,4.44645,0.0029,-0.07086,-0.07086,4.67682,0.71329,210
18.0,-35.0,0.30243,6.25464,0.05861,-0.00505,-0.00505,0.01685,0.35798,89
18.0,-35.0,0.14256,5.08063,0.01413,-0.03248,-0.03248,3.67648,0.64202,89
18.0,-34.0,0.36119,6.14341,0.02842,-0.01759,-0.01759,0.87353,0.39351,105
18.0,-34.0,0.074,0.77899,0.00328,0.02983,0.02983,2.93472,0.60649,105
18.0,-33.0,0.29706,0.3216,0.03825,-0.00833,-0.00833,0.11495,1.0,5
18.0,-24.0,0.33488,0.15018,0.03441,-0.00456,-0.00456,0.12429,0.4725,78
18.0,-24.0,0.24186,3.91021,0.03705,-0.02852,-0.02852,4.22354,0.5275,78
18.0,-23.0,0.3096,0.14331,0.04372,0.01247,0.01247,0.04786,0.36177,67
18.0,-23.0,0.20243,0.65681,0.02621,0.05793,0.05793,3.11829,0.63823,67
18.0,-13.0,0.22726,5.43909,0.02679,-0.14614,-0.14614,1.40444,1.0,8
18.0,-12.0,0.40135,4.54936,0.01701,0.01405,0.01405,0.42905,0.4547,24
18.0,-12.0,0.16482,0.97631,0.03618,0.03302,0.03302,0.57042,0.5453,24
18.0,-11.0,0.36314,5.99532,0.03742,-0.05169,-0.05169,2.47979,0.48319,165
18.0,-11.0,0.09639,3.21934,0.00428,0.14133,0.14133,7.69133,0.51681,165
18.0,-10.0,0.28202,6.26558,0.03652,0.00183,0.00183,0.25382,0.32961,155
18.0,-10.0,0.39548,3.10918,0.03609,0.20328,0.20328,1.83682,0.18762,155
18.0,-10.0,0.1171,1.35267,0.00441,0.06141,0.06141,5.25105,0.48277,155
18.0,-9.0,0.20765,5.72453,0.04215,0.02542,0.02542,0.8586,0.67059,26
18.0,-9.0,0.21519,2.26698,0.02706,0.08785,0.08785,0.55141,0.32941,26
18.0,-6.0,0.33467,4.65925,0.09157,-0.17116,-0.17116,1.74176,0.89117,63
18.0,-6.0,0.58231,0.56381,0.34529,-0.67147,-0.67147,1.31101,0.10883,63
18.0,-5.0,0.44069,0.98704,0.0564,0.17872,0.17872,4.1942,0.62896,415
18.0,-5.0,1.39383,5.18219,0.5054,0.32273,0.32273,0.55167,0.0198,415
18.0,-5.0,0.05732,0.26833,0.00142,0.00438,0.00438,3.02289,0.34633,415
18.0,-5.0,2.4222,0.121,0.02796,0.00903,0.00903,0.00292,0.0049,415
18.0,-4.0,0.05251,0.99728,0.00143,0.02505,0.02505,3.10877,0.29399,865
18.0,-4.0,0.41317,1.01015,0.05083,0.11605,0.11605,4.05381,0.68216,865
18.0,-4.0,1.78984,3.5171,0.44063,-0.04524,-0.04524,0.64581,0.02385,865
18.0,-3.0,0.07895,0.87269,0.00332,0.03353,0.03353,3.78482,0.34492,1219
18.0,-3.0,0.43026,3.53311,0.04901,0.02413,0.02413,8.28073,0.63454,1219
18.0,-3.0,1.75315,2.38077,0.38932,0.11232,0.11232,1.19127,0.02054,1219
18.0,-2.0,0.07132,5.69296,0.00289,-0.01985,-0.01985,3.3055,0.38558,1534
18.0,-2.0,0.40588,1.9709,0.04529,0.04389,0.04389,4.99803,0.58732,1534
18.0,-2.0,1.94785,3.55015,0.00609,0.01035,0.01035,0.02289,0.0026,1534
18.0,-2.0,0.9885,5.10175,0.22497,0.00818,0.00818,0.55986,0.0245,1534
18.0,-1.0,0.04121,4.22362,0.00138,-0.06814,-0.06814,4.89955,0.2973,1877
18.0,-1.0,0.99962,4.67007,0.25424,0.00115,0.00115,2.32306,0.03427,1877
18.0,-1.0,0.41279,2.67574,0.04479,-0.06544,-0.06544,0.76742,0.19228,1877
18.0,-1.0,0.31715,5.72869,0.03402,-0.04293,-0.04293,3.65064,0.47614,1877
18.0,0.0,0.09427,0.78901,0.00659,0.05251,0.05251,3.13612,0.47851,1381
18.0,0.0,0.45735,3.27034,0.0829,-0.09197,-0.09197,3.94353,0.51858,1381
18.0,0.0,2.1954,0.33616,0.03959,0.10681,0.10681,0.30402,0.00291,1381
18.0,1.0,0.05007,0.9624,0.00199,0.03528,0.03528,2.44697,0.34449,620
18.0,1.0,0.38553,5.683,0.04749,-0.03601,-0.03601,5.88292,0.60689,620
18.0,1.0,1.32485,2.47632,0.39889,-0.28432,-0.28432,1.37755,0.04862,620
18.0,2.0,0.0633,0.68437,0.00211,0.01815,0.01815,3.35786,0.43812,236
18.0,2.0,0.37244,2.75418,0.03323,0.02803,0.02803,1.00257,0.26739,236
18.0,2.0,0.43008,5.90711,0.06471,0.04376,0.04376,0.64073,0.29448,236
18.0,3.0,0.08737,2.12715,0.00401,0.09124,0.09124,4.45396,0.65428,55
18.0,3.0,0.4766,1.87626,0.06097,-0.12358,-0.12358,2.73406,0.34572,55
19.0,-35.0,0.30429,6.09703,0.03641,-0.00777,-0.00777,0.19114,0.53123,43
19.0,-35.0,0.08781,4.04612,0.00324,-0.03263,-0.03263,3.47668,0.46877,43
19.0,-34.0,0.27766,6.27919,0.03622,-0.01598,-0.01598,0.28067,0.40482,72
19.0,-34.0,0.06869,5.14015,0.00356,-0.04185,-0.04185,3.10084,0.59518,72
19.0,-24.0,0.29234,0.14597,0.04089,0.02222,0.02222,0.04915,0.26103,101
19.0,-24.0,0.63191,4.60861,0.25197,-0.03601,-0.03601,0.02655,0.08497,101
19.0,-24.0,0.26359,1.7591,0.03409,0.06633,0.06633,4.0791,0.65401,101
19.0,-23.0,0.20668,0.58549,0.03539,0.02576,0.02576,1.44127,0.85668,142
19.0,-23.0,0.35584,4.44931,0.07537,-0.31778,-0.31778,1.7662,0.14332,142
19.0,-22.0,0.24875,1.3023,0.05481,0.04757,0.04757,1.92355,0.60715,59
19.0,-22.0,0.00909,5.99752,0.00037,-0.01169,-0.01169,0.36723,0.39285,59
19.0,-11.0,0.25582,6.07411,0.04869,0.01676,0.01676,0.3586,0.61455,116
19.0,-11.0,0.23808,2.87303,0.03038,0.07639,0.07639,1.20649,0.38545,116
19.0,-10.0,0.35237,0.10276,0.06585,0.00229,0.00229,0.04082,0.31316,92
19.0,-10.0,0.24071,2.51116,0.02456,0.18487,0.18487,6.93627,0.68684,92
19.0,-9.0,0.21369,0.3515,0.00309,0.00164,0.00164,0.00087,0.18182,15
19.0,-9.0,0.30391,3.6175,0.05736,-0.43037,-0.43037,4.45,0.81818,15
19.0,-6.0,0.01664,6.09846,0.0009,-0.00999,-0.00999,0.11092,0.15178,112
19.0,-6.0,0.7061,4.2916,0.35916,-0.05544,-0.05544,0.48093,0.20967,112
19.0,-6.0,0.14648,2.27652,0.01142,0.02843,0.02843,5.00864,0.61181,112
19.0,-6.0,2.36212,3.29132,0.00299,-0.0013,-0.0013,0.00223,0.02675,112
19.0,-5.0,0.05451,0.6214,0.00161,0.02111,0.02111,2.82506,0.36234,699
19.0,-5.0,0.35875,3.1243,0.03475,0.01686,0.01686,1.47685,0.35798,699
19.0,-5.0,0.32561,6.23484,0.05547,0.00766,0.00766,0.29106,0.22208,699
19.0,-5.0,1.43635,3.46462,0.54351,-0.00528,-0.00528,0.28376,0.04015,699
19.0,-5.0,1.4886,5.41112,0.60277,0.1908,0.1908,0.229,0.01746,699
19.0,-4.0,0.04657,0.62319,0.0015,0.02146,0.02146,2.25484,0.29761,1267
19.0,-4.0,0.50251,2.58497,0.03658,0.03001,0.03001,0.30325,0.10875,1267
19.0,-4.0,0.30016,5.84365,0.02524,0.02047,0.02047,3.43334,0.49107,1267
19.0,-4.0,0.76763,5.67068,0.13774,-0.2849,-0.2849,1.9993,0.09674,1267
19.0,-4.0,1.81434,5.96486,0.72054,-0.01585,-0.01585,0.3575,0.00583,1267
19.0,-3.0,0.34985,1.16168,0.03304,-0.04822,-0.04822,4.08761,0.56679,1942
19.0,-3.0,0.06614,5.61805,0.00267,-0.02714,-0.02714,2.71235,0.35228,1942
19.0,-3.0,2.0139,4.317,0.00046,-0.00193,-0.00193,0.0081,0.00103,1942
19.0,-3.0,0.84703,5.57001,0.20503,0.32687,0.32687,3.47511,0.07784,1942
19.0,-3.0,1.79471,3.1915,0.00776,0.01212,0.01212,0.01891,0.00103,1942
19.0,-3.0,2.58439,1.7805,0.05469,0.0539,0.0539,0.05313,0.00103,1942
19.0,-2.0,0.06249,2.17295,0.0025,0.08641,0.08641,5.54567,0.39513,2202
19.0,-2.0,1.26941,2.08189,0.40314,-0.3225,-0.3225,0.40294,0.01598,2202
19.0,-2.0,0.9605,5.22382,0.29734,-0.22441,-0.22441,0.873,0.036,2202
19.0,-2.0,0.35486,4.91183,0.03654,0.15634,0.15634,7.70991,0.55289,2202
19.0,-1.0,0.05297,1.57588,0.00195,0.05493,0.05493,3.59946,0.36023,2065
19.0,-1.0,0.3424,4.66435,0.0256,0.07622,0.07622,0.28906,0.04198,2065
19.0,-1.0,0.32388,1.55317,0.03321,0.1032,0.1032,4.26442,0.55014,2065
19.0,-1.0,2.46305,5.2825,0.02588,-0.00475,-0.00475,0.00087,0.00097,2065
19.0,-1.0,1.08795,3.48049,0.35465,-0.52598,-0.52598,3.27476,0.04668,2065
19.0,0.0,0.05591,1.44572,0.00195,0.04904,0.04904,3.3079,0.36941,1227
19.0,0.0,0.3161,5.13893,0.02871,-0.03629,-0.03629,6.09846,0.53811,1227
19.0,0.0,0.83406,2.13544,0.2284,-0.08076,-0.08076,2.14401,0.09248,1227
19.0,1.0,0.38481,5.47843,0.04996,-0.17175,-0.17175,4.58123,0.49855,498
19.0,1.0,0.06745,1.75708,0.00275,0.07165,0.07165,4.21119,0.45409,498
19.0,1.0,1.36335,1.01571,0.48709,0.10682,0.10682,0.92558,0.03718,498
19.0,1.0,1.99389,2.49138,0.26896,-0.04303,-0.04303,0.016,0.01018,498
19.0,2.0,0.19656,3.10515,0.09063,-0.02278,-0.02278,0.00573,0.06391,156
19.0,2.0,0.04636,1.05983,0.00238,0.0573,0.0573,1.69094,0.28991,156
19.0,2.0,0.37882,3.53476,0.06003,-0.35637,-0.35637,6.46993,0.61394,156
19.0,2.0,2.10477,1.6679,0.192,-0.26389,-0.26389,1.13,0.03225,156
20.0,-35.0,0.41034,6.061,0.00578,0.0069,0.0069,0.00855,1.0,5
20.0,-24.0,0.13738,0.14553,0.05465,0.06585,0.06585,0.08023,0.17826,106
20.0,-24.0,0.27009,1.92682,0.03253,-0.07713,-0.07713,5.41407,0.76578,106
20.0,-24.0,0.99558,4.44802,0.15333,-0.01508,-0.01508,0.05211,0.05596,106
20.0,-23.0,0.24631,1.98687,0.04953,0.16291,0.16291,9.2215,1.0,167
20.0,-22.0,0.52849,1.40324,0.02443,-0.04476,-0.04476,0.21447,0.20553,69
20.0,-22.0,0.39366,3.17136,0.04162,0.00701,0.00701,0.02838,0.11226,69
20.0,-22.0,0.14856,5.87926,0.02609,-0.08417,-0.08417,1.02302,0.68221,69
20.0,-21.0,0.23082,0.99233,0.11562,0.15605,0.15605,0.99031,0.76857,34
20.0,-21.0,0.24518,4.40883,0.02396,0.01504,0.01504,0.08639,0.23143,34
20.0,-20.0,0.71451,2.0085,0.09697,0.09762,0.09762,0.09828,0.08696,23
20.0,-20.0,0.0914,1.26984,0.00415,0.06007,0.06007,2.70655,0.91304,23
20.0,-19.0,0.03727,0.15466,0.00278,0.01153,0.01153,0.04784,0.3,10
20.0,-19.0,0.10784,2.63702,0.00266,-0.02425,-0.02425,1.31538,0.7,10
20.0,-11.0,0.48025,6.25965,0.16204,0.02032,0.02032,0.12373,0.50666,77
20.0,-11.0,0.31809,4.06052,0.04435,-0.11696,-0.11696,0.57896,0.27906,77
20.0,-11.0,0.14974,2.15755,0.00551,-0.02034,-0.02034,0.90696,0.21428,77
20.0,-10.0,0.49309,0.13537,0.16738,0.00858,0.00858,0.05196,0.46357,80
20.0,-10.0,0.29248,3.76269,0.04117,-0.01696,-0.01696,2.3656,0.53643,80
20.0,-6.0,0.47834,4.18604,0.08185,0.05365,0.05365,1.21615,0.39089,179
20.0,-6.0,0.11354,2.05737,0.00662,0.12154,0.12154,5.59353,0.60911,179
20.0,-5.0,0.07629,5.43072,0.00236,-0.02306,-0.02306,3.96441,0.3744,1122
20.0,-5.0,0.34559,3.01799,0.02915,0.01163,0.01163,1.09441,0.33268,1122
20.0,-5.0,0.29479,6.13679,0.0561,-0.02582,-0.02582,0.21257,0.23809,1122
20.0,-5.0,1.12108,3.53095,0.35527,0.23862,0.23862,1.81775,0.05305,1122
20.0,-5.0,2.20441,3.95501,0.03684,0.06718,0.06718,0.1225,0.00178,1122
20.0,-4.0,0.06116,0.42298,0.00248,0.01904,0.01904,2.79135,0.47348,2099
20.0,-4.0,0.38381,4.49214,0.0742,-0.00522,-0.00522,5.99499,0.52461,2099
20.0,-4.0,2.19973,5.5905,0.06495,0.02816,0.02816,0.01221,0.00095,2099
20.0,-4.0,1.73515,1.189,0.07553,0.0775,0.0775,0.07952,0.00095,2099
20.0,-3.0,0.29244,0.90129,0.03121,0.03684,0.03684,3.03566,0.51793,2409
20.0,-3.0,0.05368,4.95358,0.00191,-0.04669,-0.04669,3.35407,0.41233,2409
20.0,-3.0,0.6896,5.16161,0.17928,0.08556,0.08556,0.33043,0.06808,2409
20.0,-3.0,2.60593,6.02859,0.0229,0.04958,0.04958,0.10732,0.00083,2409
20.0,-3.0,1.62839,2.921,0.01462,-0.03869,-0.03869,0.1024,0.00083,2409
20.0,-2.0,0.11173,5.90856,0.00341,0.0238,0.0238,4.76776,0.36062,1808
20.0,-2.0,0.38339,1.0127,0.03282,-0.07696,-0.07696,3.45755,0.42484,1808
20.0,-2.0,0.01124,0.35307,0.00044,0.01369,0.01369,0.43001,0.1765,1808
20.0,-2.0,1.16928,0.56616,0.22576,-0.05496,-0.05496,0.01349,0.00375,1808
20.0,-2.0,2.31975,5.2425,0.09253,0.00319,0.00319,0.00011,0.00111,1808
20.0,-2.0,1.09846,4.05633,0.28706,-0.62808,-0.62808,3.19247,0.03319,1808
20.0,-1.0,0.0577,5.65482,0.0023,-0.02266,-0.02266,3.39488,0.43622,1396
20.0,-1.0,0.31721,0.94185,0.03063,-0.02084,-0.02084,3.88575,0.51241,1396
20.0,-1.0,1.44478,1.49225,0.58455,-0.25973,-0.25973,0.59888,0.03457,1396
20.0,-1.0,1.39412,4.84331,0.54045,0.30823,0.30823,0.38922,0.0168,1396
20.0,0.0,0.22708,0.48588,0.01316,0.03713,0.03713,4.44981,0.40893,761
20.0,0.0,0.04701,4.98646,0.00157,-0.04128,-0.04128,3.51685,0.40415,761
20.0,0.0,0.55762,0.65572,0.06295,0.19889,0.19889,3.5348,0.17475,761
20.0,0.0,2.19724,6.23415,0.14978,-0.13168,-0.13168,0.37098,0.01217,761
20.0,1.0,0.08818,2.88628,0.00545,0.1793,0.1793,8.49098,0.61055,435
20.0,1.0,0.49413,0.52467,0.07943,0.25668,0.25668,5.3478,0.38945,435
20.0,2.0,0.24751,1.1594,0.06264,0.10014,0.10014,4.00789,1.0,248
20.0,3.0,0.67778,1.45332,0.15736,-0.23181,-0.23181,1.50738,0.33971,23
20.0,3.0,0.10983,0.9206,0.00628,9e-05,9e-05,2.23989,0.66029,23
21.0,-24.0,0.3185,5.69759,0.08651,0.01478,0.01478,1.30652,0.84215,57
21.0,-24.0,0.30946,3.05122,0.07181,-0.02371,-0.02371,0.03526,0.15785,57
21.0,-23.0,0.19189,5.35738,0.0398,-0.06975,-0.06975,4.20801,1.0,284
21.0,-22.0,0.18959,5.14414,0.05854,-0.21706,-0.21706,3.97279,0.9932,294
21.0,-22.0,2.63929,2.791,0.00789,-0.03286,-0.03286,0.1369,0.0068,294
21.0,-21.0,0.44071,1.41788,0.14398,0.15165,0.15165,3.37325,0.3979,100
21.0,-21.0,0.07683,2.99149,0.00444,-0.19612,-0.19612,10.51475,0.6021,100
21.0,-20.0,0.16051,0.53176,0.02745,0.09102,0.09102,0.41661,0.24328,96
21.0,-20.0,0.51249,3.75574,0.08625,-0.04652,-0.04652,1.98726,0.07979,96
21.0,-20.0,0.1184,2.5179,0.00514,0.08527,0.08527,4.71445,0.67693,96
21.0,-19.0,0.09847,1.03529,0.00689,0.07509,0.07509,3.12941,1.0,42
21.0,-14.0,0.3869,4.17457,0.04371,0.07562,0.07562,1.0085,1.0,11
21.0,-13.0,0.35561,3.48615,0.09533,0.04922,0.04922,0.46508,0.60168,67
21.0,-13.0,0.15633,0.12719,0.03136,0.02407,0.02407,0.17038,0.39832,67
21.0,-12.0,0.25673,1.47522,0.09173,0.15815,0.15815,3.79484,1.0,52
21.0,-11.0,0.43868,6.27938,0.09299,0.04152,0.04152,0.10495,0.50767,62
21.0,-11.0,0.4253,3.78401,0.1197,-0.1101,-0.1101,1.16533,0.37942,62
21.0,-11.0,0.06183,2.01957,0.00011,0.00398,0.00398,0.15091,0.1129,62
21.0,-10.0,0.31112,0.13559,0.08258,0.03346,0.03346,0.16177,0.47681,154
21.0,-10.0,0.43353,3.3329,0.21199,0.0888,0.0888,1.03075,0.52319,154
21.0,-9.0,0.2249,1.58367,0.04022,0.2197,0.2197,4.13997,0.92378,89
21.0,-9.0,1.37677,2.66348,0.45279,-0.19165,-0.19165,1.09004,0.07622,89
21.0,-6.0,0.19663,4.8631,0.02818,-0.04334,-0.04334,2.42437,0.87827,144
21.0,-6.0,1.32683,3.13195,0.70358,-2.21781,-2.21781,7.68451,0.12173,144
21.0,-5.0,0.11416,5.83222,0.00759,-0.02413,-0.02413,3.27195,0.56328,1031
21.0,-5.0,0.42046,2.96517,0.06066,-0.00112,-0.00112,0.28694,0.23266,1031
21.0,-5.0,0.5174,6.02927,0.25705,-0.03006,-0.03006,0.24053,0.20406,1031
21.0,-4.0,0.06829,5.33936,0.00255,-0.03396,-0.03396,3.32245,0.51158,1133
21.0,-4.0,0.40033,2.59144,0.08746,0.37971,0.37971,6.64147,0.48842,1133
21.0,-3.0,0.25982,0.50774,0.02588,0.03627,0.03627,2.47779,0.43957,868
21.0,-3.0,0.58637,5.05298,0.19144,0.06039,0.06039,0.21742,0.08294,868
21.0,-3.0,0.05076,2.15487,0.00165,0.06585,0.06585,4.84121,0.47749,868
21.0,-2.0,0.38803,1.53297,0.02737,-0.00428,-0.00428,0.14137,0.2175,358
21.0,-2.0,0.47445,5.56123,0.12648,0.00863,0.00863,0.96789,0.23093,358
21.0,-2.0,0.09853,2.52232,0.00709,0.192,0.192,7.86181,0.54595,358
21.0,-2.0,1.3358,0.51299,0.1332,-0.03248,-0.03248,0.00792,0.00562,358
21.0,-1.0,0.1604,6.14773,0.01098,0.07517,0.07517,3.55996,0.542,352
21.0,-1.0,0.49268,5.31213,0.03286,0.0212,0.0212,0.34898,0.11629,352
21.0,-1.0,0.01243,0.39059,0.00055,0.01734,0.01734,0.54487,0.25431,352
21.0,-1.0,1.14857,1.1934,0.69825,-0.57164,-0.57164,1.66786,0.0874,352
21.0,0.0,0.69843,4.85657,0.12452,-0.05666,-0.05666,0.35674,0.06323,256
21.0,0.0,0.13994,0.16888,0.0209,0.04794,0.04794,2.21641,0.92109,256
21.0,0.0,2.22487,5.85905,0.0162,-0.02999,-0.02999,0.12971,0.01569,256
21.0,1.0,0.59967,3.57955,0.11258,-0.0031,-0.0031,0.1747,0.12795,281
21.0,1.0,0.09537,5.25488,0.00533,-0.05102,-0.05102,2.92765,0.62151,281
21.0,1.0,0.53544,0.50716,0.10267,-0.02678,-0.02678,1.0027,0.25054,281
21.0,2.0,0.64139,0.45905,0.13871,-0.00984,-0.00984,0.55907,0.21846,260
21.0,2.0,0.54337,3.3686,0.10763,-0.01005,-0.01005,0.12722,0.16673,260
21.0,2.0,0.35787,1.08995,0.01552,-0.00165,-0.00165,0.00055,0.01786,260
21.0,2.0,0.10254,2.44416,0.00654,0.1508,0.1508,6.46032,0.59694,260
21.0,3.0,0.29296,0.92471,0.09578,0.02946,0.02946,1.82655,1.0,39
21.0,5.0,0.26959,5.91147,0.02982,-0.00952,-0.00952,0.35995,1.0,14
21.0,6.0,0.33865,5.98173,0.03921,-0.05219,-0.05219,0.22404,1.0,13
22.0,-26.0,0.19178,4.1344,0.01972,0.03546,0.03546,0.28227,1.0,5
22.0,-25.0,0.02176,6.0416,0.00107,-0.01183,-0.01183,0.13133,0.25999,50
22.0,-25.0,0.68418,4.1287,0.28817,0.15799,0.15799,1.54373,0.22531,50
22.0,-25.0,0.12322,2.50817,0.00437,-0.09173,-0.09173,3.75799,0.37194,50
22.0,-25.0,1.35906,5.47419,0.55517,-0.07606,-0.07606,0.01809,0.14276,50
22.0,-24.0,0.46458,5.79896,0.12735,0.13108,0.13108,2.97367,0.37813,108
22.0,-24.0,0.09753,3.70948,0.00133,-0.0072,-0.0072,3.46855,0.41924,108
22.0,-24.0,0.05056,0.10392,0.00704,0.01449,0.01449,0.02986,0.16586,108
22.0,-24.0,1.98624,5.38899,0.11066,-0.01704,-0.01704,0.00828,0.03677,108
22.0,-23.0,0.23307,6.23644,0.0636,-0.03702,-0.03702,0.13167,0.4266,252
22.0,-23.0,0.16481,3.25763,0.01681,0.00427,0.00427,2.19724,0.5734,252
22.0,-22.0,0.19311,6.23712,0.06514,-0.03425,-0.03425,0.19365,0.52767,238
22.0,-22.0,0.17175,3.02978,0.01916,-0.0033,-0.0033,0.71299,0.47233,238
22.0,-21.0,0.26114,4.72305,0.12722,-0.50075,-0.50075,6.45734,1.0,48
22.0,-20.0,0.16041,6.0514,0.03819,0.03916,0.03916,0.73692,0.77097,39
22.0,-20.0,0.13612,3.00169,0.00897,0.01806,0.01806,0.15097,0.22903,39
22.0,-19.0,0.12025,5.86588,0.01277,-0.0226,-0.0226,3.08179,1.0,64
22.0,-18.0,0.14008,5.8963,0.0185,-0.00169,-0.00169,0.41296,0.65486,34
22.0,-18.0,0.16068,2.45243,0.01625,0.03426,0.03426,0.4767,0.34514,34
22.0,-14.0,0.43549,5.86191,0.14867,-0.20693,-0.20693,0.40501,0.66661,18
22.0,-14.0,0.71731,3.57921,0.02172,-0.04376,-0.04376,0.15916,0.33339,18
22.0,-13.0,0.35703,3.41647,0.05256,-0.01617,-0.01617,0.34102,0.60588,120
22.0,-13.0,0.23651,0.12042,0.04656,0.00673,0.00673,0.40925,0.39412,120
22.0,-12.0,0.12333,0.05561,0.13343,0.06847,0.06847,0.03527,0.16307,126
22.0,-12.0,0.297,3.0402,0.06282,0.03993,0.03993,3.51016,0.83693,126
22.0,-11.0,0.47902,0.2246,0.10171,0.13918,0.13918,1.70531,0.70329,62
22.0,-11.0,0.04982,1.21921,0.00145,0.03075,0.03075,0.95101,0.26445,62
22.0,-11.0,0.34733,3.6715,0.00311,-0.00059,-0.00059,0.00011,0.03226,62
22.0,-10.0,0.35042,0.14763,0.13804,0.04871,0.04871,0.16455,0.43975,195
22.0,-10.0,0.34988,3.40526,0.10334,-0.00746,-0.00746,0.94897,0.56025,195
22.0,-9.0,0.29528,3.35673,0.04384,0.0045,0.0045,0.83832,0.56039,177
22.0,-9.0,0.33849,0.22604,0.18553,0.16147,0.16147,0.58025,0.43961,177
22.0,-8.0,0.52338,3.08431,0.05542,-0.09363,-0.09363,0.23675,0.40384,19
22.0,-8.0,0.19014,0.01106,0.02348,-0.11858,-0.11858,2.5088,0.59616,19
22.0,-6.0,0.35925,5.99587,0.12536,-0.07557,-0.07557,0.09036,0.39346,90
22.0,-6.0,0.23634,3.53408,0.03297,-0.09341,-0.09341,2.15484,0.5497,90
22.0,-6.0,2.41246,5.85904,0.14431,0.04016,0.04016,0.14008,0.05684,90
22.0,-5.0,0.09384,5.77965,0.0052,-0.03253,-0.03253,2.50774,0.49408,417
22.0,-5.0,0.43248,2.85365,0.06918,0.00823,0.00823,0.33218,0.26054,417
22.0,-5.0,0.6278,6.0827,0.37533,-0.04713,-0.04713,0.17727,0.24537,417
22.0,-4.0,0.50827,1.81112,0.116,-0.15516,-0.15516,4.73088,0.41821,229
22.0,-4.0,0.09872,0.53892,0.00514,0.01408,0.01408,3.25051,0.58179,229
22.0,-2.0,0.16549,6.10076,0.03511,-0.0436,-0.0436,0.30806,1.0,6
22.0,-1.0,0.03535,6.28314,0.00125,-0.0,-0.0,0.30819,1.0,5
22.0,1.0,0.6876,3.17938,0.17204,0.02066,0.02066,0.08726,0.34946,37
22.0,1.0,0.47742,6.07301,0.16009,0.12085,0.12085,0.50357,0.65054,37
22.0,2.0,0.38862,0.07215,0.14996,0.03957,0.03957,1.07839,0.7191,117
22.0,2.0,0.56198,3.17386,0.12687,0.01728,0.01728,0.081,0.2809,117
22.0,3.0,0.35831,3.29504,0.06204,-0.02539,-0.02539,0.18437,0.47841,27
22.0,3.0,0.30266,0.46443,0.11434,-0.03748,-0.03748,0.67826,0.52159,27
22.0,5.0,0.32407,5.5314,0.05664,-0.10227,-0.10227,0.66296,1.0,15
22.0,6.0,0.06978,5.30518,0.00063,-0.01587,-0.01587,2.57657,0.49646,26
22.0,6.0,0.319,0.14092,0.04654,-0.15524,-0.15524,1.6322,0.50354,26
22.0,7.0,0.14792,0.821,0.01757,0.07533,0.07533,0.43863,1.0,13
23.0,-26.0,0.21998,5.44656,0.06911,-0.10124,-0.10124,0.41088,1.0,9
23.0,-25.0,0.40907,4.3297,0.03482,0.11616,0.11616,2.26093,0.31491,109
23.0,-25.0,0.02992,5.8657,0.00144,-0.02036,-0.02036,0.42985,0.33052,109
23.0,-25.0,0.13373,1.61454,0.00467,-0.07037,-0.07037,2.79356,0.35457,109
23.0,-24.0,0.69008,6.12887,0.20436,0.03933,0.03933,0.22048,0.15383,133
23.0,-24.0,0.04173,5.62546,0.00201,-0.03057,-0.03057,0.63192,0.20617,133
23.0,-24.0,0.19311,2.32211,0.01125,0.10711,0.10711,1.23824,0.19714,133
23.0,-24.0,0.26956,0.3079,0.02444,0.30208,0.30208,5.63078,0.42014,133
23.0,-24.0,2.16036,5.34601,0.02211,0.00802,0.00802,0.00339,0.02272,133
23.0,-23.0,0.49806,0.21115,0.15897,-0.03069,-0.03069,0.30928,0.27195,86
23.0,-23.0,0.11322,2.38559,0.0058,-0.18067,-0.18067,7.9381,0.72805,86
23.0,-22.0,0.49402,6.20055,0.24525,-0.07507,-0.07507,0.05604,0.48459,32
23.0,-22.0,0.15186,1.36072,0.0066,-0.12591,-0.12591,2.66153,0.51541,32
23.0,-20.0,0.10121,5.50389,0.00587,0.01243,0.01243,2.56067,1.0,27
23.0,-19.0,0.07605,6.26952,0.01729,-0.00479,-0.00479,0.00142,0.2697,62
23.0,-19.0,0.13948,4.06221,0.00858,-0.0004,-0.0004,5.00129,0.7303,62
23.0,-18.0,0.113,5.96611,0.01199,0.01278,0.01278,0.40945,0.61252,30
23.0,-18.0,0.15957,2.45948,0.01627,0.03473,0.03473,0.46014,0.38748,30
23.0,-14.0,0.21846,6.12161,0.03627,0.02752,0.02752,0.37695,1.0,14
23.0,-13.0,0.41966,3.54689,0.05759,-0.05647,-0.05647,0.31514,0.59043,99
23.0,-13.0,0.4176,6.06667,0.16761,-0.17111,-0.17111,1.12814,0.40957,99
23.0,-12.0,0.33491,3.37219,0.07124,-0.00661,-0.00661,1.3535,0.67481,189
23.0,-12.0,0.24285,0.13579,0.07036,0.00804,0.00804,0.08549,0.32519,189
23.0,-11.0,0.3003,0.15281,0.12173,0.03704,0.03704,0.07293,0.32457,109
23.0,-11.0,0.22088,2.24993,0.04324,0.06793,0.06793,3.79189,0.67543,109
23.0,-10.0,0.33039,3.74723,0.05523,-0.03051,-0.03051,0.6408,0.52309,178
23.0,-10.0,0.37082,0.15569,0.0776,-0.02379,-0.02379,0.49914,0.47691,178
23.0,-9.0,0.41832,0.03264,0.09112,0.01545,0.01545,0.09458,0.21324,258
23.0,-9.0,0.39681,2.72995,0.05354,0.10669,0.10669,1.34105,0.44266,258
23.0,-9.0,0.18931,4.52329,0.0132,-0.00634,-0.00634,0.92858,0.3441,258
23.0,-8.0,0.58565,2.83423,0.10307,-0.09772,-0.09772,0.22635,0.1952,80
23.0,-8.0,0.24649,4.32266,0.03135,-0.18112,-0.18112,2.18718,0.59969,80
23.0,-8.0,0.26231,1.06959,0.04564,-0.11137,-0.11137,0.55067,0.2051,80
23.0,-6.0,0.41711,5.38433,0.09687,0.07892,0.07892,0.50943,0.49982,47
23.0,-6.0,0.08326,0.93765,0.00602,0.04488,0.04488,0.5901,0.32091,47
23.0,-6.0,0.33485,2.94093,0.04908,-0.09421,-0.09421,0.25968,0.17928,47
23.0,-5.0,0.94182,6.01636,0.40836,0.01775,0.01775,0.18027,0.21532,119
23.0,-5.0,0.20561,1.91902,0.02149,0.22685,0.22685,4.67967,0.64174,119
23.0,-5.0,0.65904,3.04599,0.08196,0.06794,0.06794,0.42595,0.14294,119
23.0,-4.0,0.75109,0.0886,0.46016,0.11956,0.11956,0.07069,0.14441,108
23.0,-4.0,0.23272,2.01031,0.06237,0.17908,0.17908,2.95232,0.85559,108
23.0,-3.0,0.22994,3.10461,0.03524,-0.00883,-0.00883,0.00274,0.20631,28
23.0,-3.0,0.09744,1.10125,0.00472,0.06966,0.06966,2.20691,0.79369,28
23.0,1.0,0.54946,3.09664,0.05763,0.02474,0.02474,0.05585,1.0,15
23.0,2.0,0.51935,3.32483,0.10083,-0.0256,-0.0256,0.21059,0.60751,69
23.0,2.0,0.64043,0.022,0.17676,0.01067,0.01067,0.21073,0.39249,69
23.0,3.0,0.49904,3.21061,0.05721,-0.00426,-0.00426,0.08513,0.54545,33
23.0,3.0,0.52409,0.24351,0.12233,0.02707,0.02707,0.30988,0.45455,33
23.0,6.0,0.10776,4.51129,0.00289,0.01027,0.01027,0.13794,0.29396,17
23.0,6.0,0.24877,1.37734,0.06184,0.3482,0.3482,2.24522,0.70604,17
23.0,7.0,0.14792,0.821,0.01757,0.07533,0.07533,0.43863,1.0,13
24.0,-25.0,0.45226,4.96719,0.09148,0.05012,0.05012,1.59547,0.26987,113
24.0,-25.0,0.136,0.20192,0.01563,0.03841,0.03841,2.52011,0.73013,113
24.0,-24.0,0.19741,4.29381,0.01355,-0.01401,-0.01401,2.48553,0.56322,205
24.0,-24.0,0.03662,0.59739,0.0018,0.02841,0.02841,0.63173,0.19542,205
24.0,-24.0,0.50402,0.19613,0.07558,-0.06602,-0.06602,1.2902,0.24137,205
24.0,-23.0,0.40905,1.61199,0.02771,-0.02516,-0.02516,0.14611,0.17922,192
24.0,-23.0,0.34586,4.63773,0.02761,0.00334,0.00334,0.28558,0.26236,192
24.0,-23.0,0.5686,0.40885,0.11236,0.01118,0.01118,0.17607,0.10496,192
24.0,-23.0,0.0866,0.87369,0.00401,0.043,0.043,3.29528,0.45346,192
24.0,-22.0,0.33623,1.84769,0.07223,-0.10599,-0.10599,0.4948,0.44932,143
24.0,-22.0,0.17392,5.36083,0.02817,-0.08974,-0.08974,0.92578,0.55068,143
24.0,-21.0,0.399,1.60838,0.04027,-0.0173,-0.0173,0.1761,0.59374,32
24.0,-21.0,0.23851,4.68597,0.01792,-0.00822,-0.00822,0.19214,0.40626,32
24.0,-20.0,0.37119,1.55433,0.02597,-0.01902,-0.01902,0.0214,1.0,9
24.0,-14.0,0.07818,4.55607,0.00177,-0.01774,-0.01774,1.59172,0.58131,20
24.0,-14.0,0.54927,4.23756,0.04861,0.04239,0.04239,2.41556,0.41869,20
24.0,-13.0,0.46314,3.57386,0.06916,0.03727,0.03727,2.11795,0.57902,167
24.0,-13.0,0.05588,3.01955,0.00205,0.10839,0.10839,7.96281,0.42098,167
24.0,-12.0,0.46434,3.49178,0.06013,-0.02173,-0.02173,0.6714,0.34927,220
24.0,-12.0,0.37479,0.22045,0.05549,-0.04702,-0.04702,0.6339,0.26311,220
24.0,-12.0,0.05984,4.65206,0.00248,-0.05913,-0.05913,3.97009,0.38762,220
24.0,-11.0,0.23797,5.64531,0.05149,-0.04949,-0.04949,2.70076,0.92392,133
24.0,-11.0,0.08825,1.28287,0.00268,-0.02018,-0.02018,0.15218,0.07608,133
24.0,-10.0,0.52782,0.03488,0.09315,-0.00274,-0.00274,0.03166,0.22138,193
24.0,-10.0,0.40631,4.45823,0.043,-0.09549,-0.09549,2.41627,0.58305,193
24.0,-10.0,0.07501,4.98867,0.00058,0.01191,0.01191,4.15285,0.19557,193
24.0,-9.0,0.42556,5.69691,0.06246,0.06916,0.06916,0.992,0.39893,356
24.0,-9.0,0.41071,2.84219,0.03672,0.03318,0.03318,0.40883,0.34841,356
24.0,-9.0,0.05718,0.00234,0.00129,-0.00283,-0.00283,2.52712,0.25266,356
24.0,-8.0,0.38414,2.47367,0.06721,-0.02235,-0.02235,0.48545,0.61793,104
24.0,-8.0,0.34567,5.74018,0.09072,-0.0907,-0.0907,0.75727,0.38207,104
24.0,-7.0,0.5311,2.074,0.00544,-0.00619,-0.00619,0.00707,1.0,10
24.0,-6.0,0.36469,5.05715,0.06888,-0.04246,-0.04246,0.44935,1.0,13
24.0,-5.0,0.55976,0.05003,0.31168,-0.01248,-0.01248,0.08569,0.22358,105
24.0,-5.0,0.10585,1.39585,0.00635,-0.02021,-0.02021,0.06439,0.10386,105
24.0,-5.0,0.23641,5.29163,0.01925,-0.01518,-0.01518,0.03541,0.09412,105
24.0,-5.0,0.30852,3.65224,0.0505,0.04825,0.04825,1.66274,0.57845,105
24.0,-4.0,0.44599,4.46525,0.0609,-0.00413,-0.00413,3.47907,0.32027,245
24.0,-4.0,0.10144,0.44728,0.00555,0.02064,0.02064,3.49422,0.67973,245
24.0,-3.0,0.16391,1.82523,0.01875,0.01178,0.01178,3.91434,0.76614,134
24.0,-3.0,0.24572,5.66994,0.10385,-0.27071,-0.27071,0.75574,0.23386,134
24.0,0.0,0.32359,2.879,0.04248,-0.0566,-0.0566,0.32797,1.0,12
24.0,1.0,1.09996,6.07976,0.19595,0.05846,0.05846,0.04871,0.35291,21
24.0,1.0,0.43437,2.6885,0.06955,0.074,0.074,0.47778,0.64709,21
24.0,2.0,0.41593,3.30807,0.11273,-0.033,-0.033,0.69571,0.58476,114
24.0,2.0,0.39628,0.00339,0.24144,0.0714,0.0714,0.21088,0.41524,114
24.0,3.0,0.04815,5.87979,0.00163,-0.01766,-0.01766,1.094,0.42652,85
24.0,3.0,0.56441,2.58985,0.24614,-0.05829,-0.05829,2.51412,0.57348,85
24.0,6.0,0.35553,1.5742,0.0621,-0.08407,-0.08407,0.19165,1.0,11
24.0,7.0,0.39038,1.44,0.04219,-0.0443,-0.0443,0.06586,1.0,7
25.0,-24.0,0.35522,4.60904,0.03721,0.0047,0.0047,0.16921,0.30216,71
25.0,-24.0,0.09907,2.11129,0.0042,0.09379,0.09379,4.68093,0.53307,71
25.0,-24.0,0.42806,1.04593,0.01289,0.00724,0.00724,0.1672,0.16477,71
25.0,-23.0,0.19942,5.32986,0.03416,-0.08552,-0.08552,0.78871,0.6066,182
25.0,-23.0,0.32535,1.74942,0.06772,-0.10001,-0.10001,0.48155,0.3934,182
25.0,-22.0,0.29953,4.64137,0.01209,-0.01758,-0.01758,0.27264,0.30474,195
25.0,-22.0,0.35356,1.46527,0.05776,-0.04058,-0.04058,0.3701,0.44081,195
25.0,-22.0,0.03734,5.7407,0.00128,-0.01925,-0.01925,1.16667,0.25445,195
25.0,-21.0,0.30424,1.4839,0.03298,-0.02034,-0.02034,0.30555,0.42683,145
25.0,-21.0,0.29185,4.6727,0.00972,-0.01932,-0.01932,0.14575,0.24494,145
25.0,-21.0,0.05625,5.50747,0.00208,-0.02789,-0.02789,1.35246,0.32823,145
25.0,-20.0,0.34863,1.72333,0.03388,-0.05894,-0.05894,0.29214,0.66667,21
25.0,-20.0,0.19692,4.80167,0.00497,-0.00044,-0.00044,0.03797,0.33333,21
25.0,-14.0,0.06317,6.17473,0.00593,-0.01004,-0.01004,0.03172,0.29292,65
25.0,-14.0,0.18776,3.63661,0.02885,0.06286,0.06286,2.25834,0.70708,65
25.0,-13.0,0.26379,4.59405,0.08235,-0.24196,-0.24196,3.97601,1.0,199
25.0,-12.0,0.40765,3.76712,0.06455,0.09333,0.09333,0.69308,0.53883,204
25.0,-12.0,0.27465,0.26333,0.05503,0.06005,0.06005,0.98896,0.46117,204
25.0,-11.0,0.48458,4.48899,0.04867,0.05681,0.05681,0.40968,0.33602,201
25.0,-11.0,0.0225,6.03337,0.00108,-0.01204,-0.01204,0.13374,0.10945,201
25.0,-11.0,0.13276,1.65643,0.00546,-0.08669,-0.08669,4.92944,0.33996,201
25.0,-11.0,0.53626,0.84171,0.02884,0.01429,0.01429,0.47279,0.21457,201
25.0,-10.0,0.34655,6.19424,0.10534,-0.0302,-0.0302,0.07486,0.21247,465
25.0,-10.0,0.39705,3.33221,0.03807,-0.14341,-0.14341,4.13702,0.48917,465
25.0,-10.0,0.07245,3.92228,0.0013,0.06838,0.06838,7.1159,0.29836,465
25.0,-9.0,0.31557,2.82706,0.02952,-0.00151,-0.00151,1.42237,0.39498,694
25.0,-9.0,0.37782,6.10038,0.07739,-0.03189,-0.03189,0.21492,0.18293,694
25.0,-9.0,0.05619,6.09841,0.00165,-0.00489,-0.00489,2.54614,0.4221,694
25.0,-8.0,0.05481,0.68183,0.00205,0.02518,0.02518,2.83205,0.48786,209
25.0,-8.0,0.35318,2.1054,0.06078,-0.17532,-0.17532,3.24466,0.51214,209
25.0,-5.0,0.58567,5.08176,0.17984,0.0274,0.0274,0.83429,0.23707,62
25.0,-5.0,0.15241,2.91783,0.01571,-0.03272,-0.03272,0.07016,0.10935,62
25.0,-5.0,0.12965,5.87985,0.01419,-0.02944,-0.02944,1.42091,0.65358,62
25.0,-4.0,0.19731,5.33195,0.04972,-0.12996,-0.12996,0.98303,0.67139,177
25.0,-4.0,0.25383,1.76612,0.03955,-0.08002,-0.08002,0.88746,0.32861,177
25.0,-3.0,0.21851,5.84046,0.06744,-0.11065,-0.11065,1.98369,0.82362,82
25.0,-3.0,0.61543,1.16122,0.24271,-0.09487,-0.09487,0.06912,0.17638,82
25.0,-2.0,0.68828,1.51341,0.14415,-0.05612,-0.05612,0.4774,0.59093,22
25.0,-2.0,0.708,4.51268,0.07373,-0.02269,-0.02269,0.02001,0.40907,22
25.0,-1.0,0.86148,1.33685,0.05567,-0.0274,-0.0274,0.02101,0.35041,21
25.0,-1.0,0.79839,4.10005,0.10126,-0.22633,-0.22633,1.34125,0.64959,21
25.0,0.0,0.71858,1.91508,0.22405,-0.1278,-0.1278,0.22457,0.53694,30
25.0,0.0,0.53174,4.2853,0.10773,0.19245,0.19245,0.72478,0.46306,30
25.0,1.0,0.30634,3.15751,0.04429,-0.23144,-0.23144,2.90977,0.78986,39
25.0,1.0,1.45102,4.74281,0.42232,0.25976,0.25976,0.18879,0.08192,39
25.0,1.0,0.66637,6.07661,0.27022,-0.04838,-0.04838,0.05814,0.12822,39
25.0,2.0,0.49402,2.72712,0.12789,-0.43856,-0.43856,3.82665,0.54477,150
25.0,2.0,0.04959,4.77697,0.00166,-0.04854,-0.04854,3.50871,0.45523,150
25.0,3.0,0.057,5.05947,0.00194,-0.04468,-0.04468,3.46168,0.56765,134
25.0,3.0,0.48194,2.98712,0.0892,-0.46282,-0.46282,4.83947,0.43235,134
25.0,6.0,0.35126,1.5205,0.03537,-0.00739,-0.00739,0.0026,1.0,11
25.0,7.0,0.3468,1.5507,0.04823,-0.05473,-0.05473,0.11308,1.0,12
25.0,8.0,0.48021,1.38967,0.08398,-0.04322,-0.04322,0.07659,1.0,6
26.0,-22.0,0.22571,4.5325,0.01315,-0.00082,-0.00082,0.12417,0.31874,78
26.0,-22.0,0.18295,1.02071,0.03186,-0.00038,-0.00038,1.26302,0.68126,78
26.0,-21.0,0.20551,4.3716,0.00665,0.01856,0.01856,0.33474,0.21977,89
26.0,-21.0,0.18747,0.69583,0.04086,0.06839,0.06839,0.58347,0.43644,89
26.0,-21.0,0.0582,0.60193,0.0001,-0.00528,-0.00528,3.61886,0.34379,89
26.0,-13.0,0.43811,5.10653,0.09106,-0.00312,-0.00312,1.59565,0.56392,88
26.0,-13.0,0.08034,0.34407,0.00483,0.02139,0.02139,2.31345,0.43608,88
26.0,-12.0,0.47933,4.44265,0.04697,0.00143,0.00143,0.11165,0.50602,99
26.0,-12.0,0.49038,0.96504,0.03714,0.00295,0.00295,0.24448,0.2611,99
26.0,-12.0,0.20088,5.62291,0.02861,-0.07427,-0.07427,0.29775,0.18231,99
26.0,-12.0,0.26417,2.67163,0.02533,-0.01779,-0.01779,0.09317,0.05057,99
26.0,-11.0,0.46073,4.54039,0.04691,0.01019,0.01019,0.27382,0.38348,236
26.0,-11.0,0.02152,6.04424,0.00106,-0.01175,-0.01175,0.13052,0.09787,236
26.0,-11.0,0.52712,1.00969,0.02387,0.02486,0.02486,0.30418,0.19295,236
26.0,-11.0,0.12101,2.90071,0.00422,0.00401,0.00401,4.30178,0.3257,236
26.0,-10.0,0.22295,3.87291,0.04199,-0.3781,-0.3781,7.19122,0.95295,696
26.0,-10.0,0.14911,1.54755,0.05619,-0.01423,-0.01423,0.00363,0.04705,696
26.0,-9.0,0.31192,1.70532,0.02868,-0.08239,-0.08239,4.09454,0.50792,736
26.0,-9.0,0.05259,0.14434,0.00182,0.00369,0.00369,2.23998,0.49208,736
26.0,-8.0,0.14245,0.73718,0.02149,0.05535,0.05535,2.98905,1.0,196
26.0,-6.0,0.2181,0.22826,0.06084,-0.16273,-0.16273,1.65405,1.0,11
26.0,-5.0,0.36897,0.03066,0.21528,-0.12193,-0.12193,0.34114,0.8503,24
26.0,-5.0,0.23415,4.29026,0.02576,0.06149,0.06149,0.14753,0.1497,24
26.0,-4.0,0.08747,6.22606,0.01144,-0.02335,-0.02335,0.7145,0.69591,28
26.0,-4.0,0.35898,1.93522,0.04297,-0.16979,-0.16979,1.14691,0.30409,28
26.0,-2.0,0.59885,1.3536,0.10013,-0.01494,-0.01494,0.12323,1.0,14
26.0,-1.0,0.64637,1.71656,0.07581,-0.03795,-0.03795,0.15073,1.0,14
26.0,0.0,0.81606,1.64925,0.2232,-0.17208,-0.17208,0.34604,0.7143,26
26.0,0.0,0.52904,4.09117,0.05222,0.00398,0.00398,0.03506,0.2857,26
26.0,1.0,0.60889,1.38203,0.22059,-0.02452,-0.02452,0.23967,0.56663,38
26.0,1.0,0.03458,6.22968,0.00337,-0.00661,-0.00661,0.01438,0.16193,38
26.0,1.0,0.30333,4.43708,0.05608,0.05876,0.05876,0.40729,0.27144,38
26.0,2.0,0.07119,4.74205,0.00344,-0.04632,-0.04632,2.90313,0.53986,118
26.0,2.0,0.59572,0.42232,0.19516,0.16088,0.16088,3.56608,0.46014,118
26.0,3.0,0.60201,6.26979,0.03606,0.01513,0.01513,0.12563,0.14889,87
26.0,3.0,0.07771,4.95622,0.00399,-0.04839,-0.04839,3.65658,0.60557,87
26.0,3.0,0.63724,2.82334,0.28673,-0.29558,-0.29558,1.2486,0.24554,87
27.0,-11.0,0.23812,5.73426,0.05167,-0.00746,-0.00746,1.80143,0.92035,58
27.0,-11.0,0.60938,4.15007,0.15457,0.07127,0.07127,0.03422,0.07965,58
27.0,-10.0,0.33372,5.53471,0.03681,0.01868,0.01868,4.38732,0.4696,283
27.0,-10.0,0.05084,0.2102,0.002,0.00657,0.00657,2.14291,0.5304,283
27.0,-9.0,0.15006,1.0393,0.02688,0.18866,0.18866,4.37028,1.0,288
27.0,-8.0,0.09195,6.1259,0.01273,-0.00405,-0.00405,0.78036,0.80805,35
27.0,-8.0,0.14419,2.64795,0.00873,-0.02991,-0.02991,0.16542,0.19195,35
27.0,-2.0,0.21947,6.01283,0.05729,-0.06377,-0.06377,0.78634,0.63276,16
27.0,-2.0,0.09953,2.63793,0.00197,0.0114,0.0114,0.28353,0.36724,16
27.0,-1.0,0.66842,5.38129,0.43148,-0.15001,-0.15001,0.08791,0.24449,17
27.0,-1.0,0.13465,3.0731,0.01144,0.22838,0.22838,5.05044,0.75551,17
27.0,1.0,0.37174,4.20831,0.06283,0.13008,0.13008,0.34551,0.36836,20
27.0,1.0,0.35975,0.78094,0.19018,0.09935,0.09935,0.36137,0.63164,20
27.0,2.0,0.75711,0.54646,0.36267,0.29157,0.29157,0.72241,0.55222,27
27.0,2.0,0.11163,3.1,0.00357,0.08086,0.08086,3.64249,0.44778,27
27.0,3.0,0.1943,0.08975,0.031,0.0209,0.0209,0.02417,1.0,10
